c_period_id,ad_client_id,ad_org_id,isactive,created,createdby,updated,updatedby,name,periodno,c_year_id,startdate,enddate,periodtype,processing
60000,11,0,Y,4/18/2001 22:32,0,4/18/2001 22:32,0,2012-01-i,13,106,1/1/2012 0:00,1/7/2012 0:00,S,
60001,11,0,Y,4/18/2001 22:32,0,4/18/2001 22:32,0,2012-01-ii,14,106,1/8/2012 0:00,1/14/2012 0:00,S,
60002,11,0,Y,4/18/2001 22:32,0,4/18/2001 22:32,0,2012-01-iii,15,106,1/15/2012 0:00,1/21/2012 0:00,S,
60003,11,0,Y,4/18/2001 22:32,0,4/18/2001 22:32,0,2012-01-iv,16,106,1/22/2012 0:00,1/31/2012 0:00,S,
60004,11,0,Y,4/18/2001 22:32,0,4/18/2001 22:32,0,2012-02-i,17,106,2/1/2012 0:00,2/7/2012 0:00,S,
60005,11,0,Y,4/18/2001 22:32,0,4/18/2001 22:32,0,2012-02-ii,18,106,2/8/2012 0:00,2/14/2012 0:00,S,
60006,11,0,Y,4/18/2001 22:32,0,4/18/2001 22:32,0,2012-02-iii,19,106,2/15/2012 0:00,2/21/2012 0:00,S,
60007,11,0,Y,4/18/2001 22:32,0,4/18/2001 22:32,0,2012-02-iv,20,106,2/22/2012 0:00,2/29/2012 0:00,S,
60008,11,0,Y,4/18/2001 22:32,0,4/18/2001 22:32,0,2012-03-i,21,106,3/1/2012 0:00,3/7/2012 0:00,S,
60009,11,0,Y,4/18/2001 22:32,0,4/18/2001 22:32,0,2012-03-ii,22,106,3/8/2012 0:00,3/14/2012 0:00,S,
60010,11,0,Y,4/18/2001 22:32,0,4/18/2001 22:32,0,2012-03-iii,23,106,3/15/2012 0:00,3/21/2012 0:00,S,
60011,11,0,Y,4/18/2001 22:32,0,4/18/2001 22:32,0,2012-03-iv,24,106,3/22/2012 0:00,3/31/2012 0:00,S,
60012,11,0,Y,4/18/2001 22:32,0,4/18/2001 22:32,0,2012-04-i,25,106,4/1/2012 0:00,4/7/2012 0:00,S,
60013,11,0,Y,4/18/2001 22:32,0,4/18/2001 22:32,0,2012-04-ii,26,106,4/8/2012 0:00,4/14/2012 0:00,S,
60014,11,0,Y,4/18/2001 22:32,0,4/18/2001 22:32,0,2012-04-iii,27,106,4/15/2012 0:00,4/21/2012 0:00,S,
60015,11,0,Y,4/18/2001 22:32,0,4/18/2001 22:32,0,2012-04-iv,28,106,4/22/2012 0:00,4/30/2012 0:00,S,
60016,11,0,Y,4/18/2001 22:32,0,4/18/2001 22:32,0,2012-05-i,29,106,5/1/2012 0:00,5/7/2012 0:00,S,
60017,11,0,Y,4/18/2001 22:32,0,4/18/2001 22:32,0,2012-05-ii,30,106,5/8/2012 0:00,5/14/2012 0:00,S,
60018,11,0,Y,4/18/2001 22:32,0,4/18/2001 22:32,0,2012-05-iii,31,106,5/15/2012 0:00,5/21/2012 0:00,S,
60019,11,0,Y,4/18/2001 22:32,0,4/18/2001 22:32,0,2012-05-iv,32,106,5/22/2012 0:00,5/31/2012 0:00,S,
60020,11,0,Y,4/18/2001 22:32,0,4/18/2001 22:32,0,2012-06-i,33,106,6/1/2012 0:00,6/7/2012 0:00,S,
60021,11,0,Y,4/18/2001 22:32,0,4/18/2001 22:32,0,2012-06-ii,34,106,6/8/2012 0:00,6/14/2012 0:00,S,
60022,11,0,Y,4/18/2001 22:32,0,4/18/2001 22:32,0,2012-06-iii,35,106,6/15/2012 0:00,6/21/2012 0:00,S,
60023,11,0,Y,4/18/2001 22:32,0,4/18/2001 22:32,0,2012-06-iv,36,106,6/22/2012 0:00,6/30/2012 0:00,S,
60024,11,0,Y,4/18/2001 22:32,0,4/18/2001 22:32,0,2012-07-i,37,106,7/1/2012 0:00,7/7/2012 0:00,S,
60025,11,0,Y,4/18/2001 22:32,0,4/18/2001 22:32,0,2012-07-ii,38,106,7/8/2012 0:00,7/14/2012 0:00,S,
60026,11,0,Y,4/18/2001 22:32,0,4/18/2001 22:32,0,2012-07-iii,39,106,7/15/2012 0:00,7/21/2012 0:00,S,
60027,11,0,Y,4/18/2001 22:32,0,4/18/2001 22:32,0,2012-07-iv,40,106,7/22/2012 0:00,7/31/2012 0:00,S,
60028,11,0,Y,4/18/2001 22:32,0,4/18/2001 22:32,0,2012-08-i,41,106,8/1/2012 0:00,8/7/2012 0:00,S,
60029,11,0,Y,4/18/2001 22:32,0,4/18/2001 22:32,0,2012-08-ii,42,106,8/8/2012 0:00,8/14/2012 0:00,S,
60030,11,0,Y,4/18/2001 22:32,0,4/18/2001 22:32,0,2012-08-iii,43,106,8/15/2012 0:00,8/21/2012 0:00,S,
60031,11,0,Y,4/18/2001 22:32,0,4/18/2001 22:32,0,2012-08-iv,44,106,8/22/2012 0:00,8/31/2012 0:00,S,
60032,11,0,Y,4/18/2001 22:32,0,4/18/2001 22:32,0,2012-09-i,45,106,9/1/2012 0:00,9/7/2012 0:00,S,
60033,11,0,Y,4/18/2001 22:32,0,4/18/2001 22:32,0,2012-09-ii,46,106,9/8/2012 0:00,9/14/2012 0:00,S,
60034,11,0,Y,4/18/2001 22:32,0,4/18/2001 22:32,0,2012-09-iii,47,106,9/15/2012 0:00,9/21/2012 0:00,S,
60035,11,0,Y,4/18/2001 22:32,0,4/18/2001 22:32,0,2012-09-iv,48,106,9/22/2012 0:00,9/30/2012 0:00,S,
60036,11,0,Y,4/18/2001 22:32,0,4/18/2001 22:32,0,2012-10-i,49,106,10/1/2012 0:00,10/7/2012 0:00,S,
60037,11,0,Y,4/18/2001 22:32,0,4/18/2001 22:32,0,2012-10-ii,50,106,10/8/2012 0:00,10/14/2012 0:00,S,
60038,11,0,Y,4/18/2001 22:32,0,4/18/2001 22:32,0,2012-10-iii,51,106,10/15/2012 0:00,10/21/2012 0:00,S,
60039,11,0,Y,4/18/2001 22:32,0,4/18/2001 22:32,0,2012-10-iv,52,106,10/22/2012 0:00,10/31/2012 0:00,S,
60040,11,0,Y,4/18/2001 22:32,0,4/18/2001 22:32,0,2012-11-i,53,106,11/1/2012 0:00,11/7/2012 0:00,S,
60041,11,0,Y,4/18/2001 22:32,0,4/18/2001 22:32,0,2012-11-ii,54,106,11/8/2012 0:00,11/14/2012 0:00,S,
60042,11,0,Y,4/18/2001 22:32,0,4/18/2001 22:32,0,2012-11-iii,55,106,11/15/2012 0:00,11/21/2012 0:00,S,
60043,11,0,Y,4/18/2001 22:32,0,4/18/2001 22:32,0,2012-11-iv,56,106,11/22/2012 0:00,11/30/2012 0:00,S,
60044,11,0,Y,4/18/2001 22:32,0,4/18/2001 22:32,0,2012-12-i,57,106,12/1/2012 0:00,12/7/2012 0:00,S,
60045,11,0,Y,4/18/2001 22:32,0,4/18/2001 22:32,0,2012-12-ii,58,106,12/8/2012 0:00,12/14/2012 0:00,S,
60046,11,0,Y,4/18/2001 22:32,0,4/18/2001 22:32,0,2012-12-iii,59,106,12/15/2012 0:00,12/21/2012 0:00,S,
60047,11,0,Y,4/18/2001 22:32,0,4/18/2001 22:32,0,2012-12-iv,60,106,12/22/2012 0:00,12/31/2012 0:00,S,
60048,11,0,Y,2/8/2002 20:45,100,2/8/2002 20:45,0,2013-01-i,13,107,1/1/2013 0:00,1/7/2013 0:00,S,
60049,11,0,Y,2/8/2002 20:45,100,2/8/2002 20:45,0,2013-01-ii,14,107,1/8/2013 0:00,1/14/2013 0:00,S,
60050,11,0,Y,2/8/2002 20:45,100,2/8/2002 20:45,0,2013-01-iii,15,107,1/15/2013 0:00,1/21/2013 0:00,S,
60051,11,0,Y,2/8/2002 20:45,100,2/8/2002 20:45,0,2013-01-iv,16,107,1/22/2013 0:00,1/31/2013 0:00,S,
60052,11,0,Y,2/8/2002 20:45,100,2/8/2002 20:45,0,2013-02-i,17,107,2/1/2013 0:00,2/7/2013 0:00,S,
60053,11,0,Y,2/8/2002 20:45,100,2/8/2002 20:45,0,2013-02-ii,18,107,2/8/2013 0:00,2/14/2013 0:00,S,
60054,11,0,Y,2/8/2002 20:45,100,2/8/2002 20:45,0,2013-02-iii,19,107,2/15/2013 0:00,2/21/2013 0:00,S,
60055,11,0,Y,2/8/2002 20:45,100,2/8/2002 20:45,0,2013-02-iv,20,107,2/22/2013 0:00,2/28/2013 0:00,S,
60056,11,0,Y,2/8/2002 20:45,100,2/17/2002 21:48,0,2013-03-i,21,107,3/1/2013 0:00,3/7/2013 0:00,S,
60057,11,0,Y,2/8/2002 20:45,100,2/17/2002 21:48,0,2013-03-ii,22,107,3/8/2013 0:00,3/14/2013 0:00,S,
60058,11,0,Y,2/8/2002 20:45,100,2/17/2002 21:48,0,2013-03-iii,23,107,3/15/2013 0:00,3/21/2013 0:00,S,
60059,11,0,Y,2/8/2002 20:45,100,2/17/2002 21:48,0,2013-03-iv,24,107,3/22/2013 0:00,3/31/2013 0:00,S,
60060,11,0,Y,2/8/2002 20:45,100,2/8/2002 20:45,0,2013-04-i,25,107,4/1/2013 0:00,4/7/2013 0:00,S,
60061,11,0,Y,2/8/2002 20:45,100,2/8/2002 20:45,0,2013-04-ii,26,107,4/8/2013 0:00,4/14/2013 0:00,S,
60062,11,0,Y,2/8/2002 20:45,100,2/8/2002 20:45,0,2013-04-iii,27,107,4/15/2013 0:00,4/21/2013 0:00,S,
60063,11,0,Y,2/8/2002 20:45,100,2/8/2002 20:45,0,2013-04-iv,28,107,4/22/2013 0:00,4/30/2013 0:00,S,
60064,11,0,Y,2/8/2002 20:45,100,2/17/2002 21:49,0,2013-05-i,29,107,5/1/2013 0:00,5/7/2013 0:00,S,
60065,11,0,Y,2/8/2002 20:45,100,2/17/2002 21:49,0,2013-05-ii,30,107,5/8/2013 0:00,5/14/2013 0:00,S,
60066,11,0,Y,2/8/2002 20:45,100,2/17/2002 21:49,0,2013-05-iii,31,107,5/15/2013 0:00,5/21/2013 0:00,S,
60067,11,0,Y,2/8/2002 20:45,100,2/17/2002 21:49,0,2013-05-iv,32,107,5/22/2013 0:00,5/31/2013 0:00,S,
60068,11,0,Y,2/8/2002 20:45,100,2/8/2002 20:45,0,2013-06-i,33,107,6/1/2013 0:00,6/7/2013 0:00,S,
60069,11,0,Y,2/8/2002 20:45,100,2/8/2002 20:45,0,2013-06-ii,34,107,6/8/2013 0:00,6/14/2013 0:00,S,
60070,11,0,Y,2/8/2002 20:45,100,2/8/2002 20:45,0,2013-06-iii,35,107,6/15/2013 0:00,6/21/2013 0:00,S,
60071,11,0,Y,2/8/2002 20:45,100,2/8/2002 20:45,0,2013-06-iv,36,107,6/22/2013 0:00,6/30/2013 0:00,S,
60072,11,0,Y,2/8/2002 20:45,100,2/8/2002 20:45,0,2013-07-i,37,107,7/1/2013 0:00,7/7/2013 0:00,S,
60073,11,0,Y,2/8/2002 20:45,100,2/8/2002 20:45,0,2013-07-ii,38,107,7/8/2013 0:00,7/14/2013 0:00,S,
60074,11,0,Y,2/8/2002 20:45,100,2/8/2002 20:45,0,2013-07-iii,39,107,7/15/2013 0:00,7/21/2013 0:00,S,
60075,11,0,Y,2/8/2002 20:45,100,2/8/2002 20:45,0,2013-07-iv,40,107,7/22/2013 0:00,7/31/2013 0:00,S,
60076,11,0,Y,2/8/2002 20:45,100,2/8/2002 20:45,0,2013-08-i,41,107,8/1/2013 0:00,8/7/2013 0:00,S,
60077,11,0,Y,2/8/2002 20:45,100,2/8/2002 20:45,0,2013-08-ii,42,107,8/8/2013 0:00,8/14/2013 0:00,S,
60078,11,0,Y,2/8/2002 20:45,100,2/8/2002 20:45,0,2013-08-iii,43,107,8/15/2013 0:00,8/21/2013 0:00,S,
60079,11,0,Y,2/8/2002 20:45,100,2/8/2002 20:45,0,2013-08-iv,44,107,8/22/2013 0:00,8/31/2013 0:00,S,
60080,11,0,Y,2/8/2002 20:45,100,2/8/2002 20:45,0,2013-09-i,45,107,9/1/2013 0:00,9/7/2013 0:00,S,
60081,11,0,Y,2/8/2002 20:45,100,2/8/2002 20:45,0,2013-09-ii,46,107,9/8/2013 0:00,9/14/2013 0:00,S,
60082,11,0,Y,2/8/2002 20:45,100,2/8/2002 20:45,0,2013-09-iii,47,107,9/15/2013 0:00,9/21/2013 0:00,S,
60083,11,0,Y,2/8/2002 20:45,100,2/8/2002 20:45,0,2013-09-iv,48,107,9/22/2013 0:00,9/30/2013 0:00,S,
60084,11,0,Y,2/8/2002 20:45,100,2/17/2002 21:49,0,2013-10-i,49,107,10/1/2013 0:00,10/7/2013 0:00,S,
60085,11,0,Y,2/8/2002 20:45,100,2/17/2002 21:49,0,2013-10-ii,50,107,10/8/2013 0:00,10/14/2013 0:00,S,
60086,11,0,Y,2/8/2002 20:45,100,2/17/2002 21:49,0,2013-10-iii,51,107,10/15/2013 0:00,10/21/2013 0:00,S,
60087,11,0,Y,2/8/2002 20:45,100,2/17/2002 21:49,0,2013-10-iv,52,107,10/22/2013 0:00,10/31/2013 0:00,S,
60088,11,0,Y,2/8/2002 20:45,100,2/8/2002 20:45,0,2013-11-i,53,107,11/1/2013 0:00,11/7/2013 0:00,S,
60089,11,0,Y,2/8/2002 20:45,100,2/8/2002 20:45,0,2013-11-ii,54,107,11/8/2013 0:00,11/14/2013 0:00,S,
60090,11,0,Y,2/8/2002 20:45,100,2/8/2002 20:45,0,2013-11-iii,55,107,11/15/2013 0:00,11/21/2013 0:00,S,
60091,11,0,Y,2/8/2002 20:45,100,2/8/2002 20:45,0,2013-11-iv,56,107,11/22/2013 0:00,11/30/2013 0:00,S,
60092,11,0,Y,2/8/2002 20:45,100,2/17/2002 21:49,0,2013-12-i,57,107,12/1/2013 0:00,12/7/2013 0:00,S,
60093,11,0,Y,2/8/2002 20:45,100,2/17/2002 21:49,0,2013-12-ii,58,107,12/8/2013 0:00,12/14/2013 0:00,S,
60094,11,0,Y,2/8/2002 20:45,100,2/17/2002 21:49,0,2013-12-iii,59,107,12/15/2013 0:00,12/21/2013 0:00,S,
60095,11,0,Y,2/8/2002 20:45,100,2/17/2002 21:49,0,2013-12-iv,60,107,12/22/2013 0:00,12/31/2013 0:00,S,
60096,11,0,Y,2/16/2002 13:27,100,2/16/2002 13:27,0,2014-01-i,13,109,1/1/2014 0:00,1/7/2014 0:00,S,
60097,11,0,Y,2/16/2002 13:27,100,2/16/2002 13:27,0,2014-01-ii,14,109,1/8/2014 0:00,1/14/2014 0:00,S,
60098,11,0,Y,2/16/2002 13:27,100,2/16/2002 13:27,0,2014-01-iii,15,109,1/15/2014 0:00,1/21/2014 0:00,S,
60099,11,0,Y,2/16/2002 13:27,100,2/16/2002 13:27,0,2014-01-iv,16,109,1/22/2014 0:00,1/31/2014 0:00,S,
60100,11,0,Y,2/16/2002 13:27,100,2/16/2002 13:27,0,2014-02-i,17,109,2/1/2014 0:00,2/7/2014 0:00,S,
60101,11,0,Y,2/16/2002 13:27,100,2/16/2002 13:27,0,2014-02-ii,18,109,2/8/2014 0:00,2/14/2014 0:00,S,
60102,11,0,Y,2/16/2002 13:27,100,2/16/2002 13:27,0,2014-02-iii,19,109,2/15/2014 0:00,2/21/2014 0:00,S,
60103,11,0,Y,2/16/2002 13:27,100,2/16/2002 13:27,0,2014-02-iv,20,109,2/22/2014 0:00,2/28/2014 0:00,S,
60104,11,0,Y,2/16/2002 13:27,100,2/16/2002 13:27,0,2014-03-i,21,109,3/1/2014 0:00,3/7/2014 0:00,S,
60105,11,0,Y,2/16/2002 13:27,100,2/16/2002 13:27,0,2014-03-ii,22,109,3/8/2014 0:00,3/14/2014 0:00,S,
60106,11,0,Y,2/16/2002 13:27,100,2/16/2002 13:27,0,2014-03-iii,23,109,3/15/2014 0:00,3/21/2014 0:00,S,
60107,11,0,Y,2/16/2002 13:27,100,2/16/2002 13:27,0,2014-03-iv,24,109,3/22/2014 0:00,3/31/2014 0:00,S,
60108,11,0,Y,2/16/2002 13:27,100,2/16/2002 13:27,0,2014-04-i,25,109,4/1/2014 0:00,4/7/2014 0:00,S,
60109,11,0,Y,2/16/2002 13:27,100,2/16/2002 13:27,0,2014-04-ii,26,109,4/8/2014 0:00,4/14/2014 0:00,S,
60110,11,0,Y,2/16/2002 13:27,100,2/16/2002 13:27,0,2014-04-iii,27,109,4/15/2014 0:00,4/21/2014 0:00,S,
60111,11,0,Y,2/16/2002 13:27,100,2/16/2002 13:27,0,2014-04-iv,28,109,4/22/2014 0:00,4/30/2014 0:00,S,
60112,11,0,Y,2/16/2002 13:27,100,2/16/2002 13:27,0,2014-05-i,29,109,5/1/2014 0:00,5/7/2014 0:00,S,
60113,11,0,Y,2/16/2002 13:27,100,2/16/2002 13:27,0,2014-05-ii,30,109,5/8/2014 0:00,5/14/2014 0:00,S,
60114,11,0,Y,2/16/2002 13:27,100,2/16/2002 13:27,0,2014-05-iii,31,109,5/15/2014 0:00,5/21/2014 0:00,S,
60115,11,0,Y,2/16/2002 13:27,100,2/16/2002 13:27,0,2014-05-iv,32,109,5/22/2014 0:00,5/31/2014 0:00,S,
60116,11,0,Y,2/16/2002 13:27,100,2/16/2002 13:27,0,2014-06-i,33,109,6/1/2014 0:00,6/7/2014 0:00,S,
60117,11,0,Y,2/16/2002 13:27,100,2/16/2002 13:27,0,2014-06-ii,34,109,6/8/2014 0:00,6/14/2014 0:00,S,
60118,11,0,Y,2/16/2002 13:27,100,2/16/2002 13:27,0,2014-06-iii,35,109,6/15/2014 0:00,6/21/2014 0:00,S,
60119,11,0,Y,2/16/2002 13:27,100,2/16/2002 13:27,0,2014-06-iv,36,109,6/22/2014 0:00,6/30/2014 0:00,S,
60120,11,0,Y,2/16/2002 13:27,100,2/16/2002 13:27,0,2014-07-i,37,109,7/1/2014 0:00,7/7/2014 0:00,S,
60121,11,0,Y,2/16/2002 13:27,100,2/16/2002 13:27,0,2014-07-ii,38,109,7/8/2014 0:00,7/14/2014 0:00,S,
60122,11,0,Y,2/16/2002 13:27,100,2/16/2002 13:27,0,2014-07-iii,39,109,7/15/2014 0:00,7/21/2014 0:00,S,
60123,11,0,Y,2/16/2002 13:27,100,2/16/2002 13:27,0,2014-07-iv,40,109,7/22/2014 0:00,7/31/2014 0:00,S,
60124,11,0,Y,2/16/2002 13:27,100,2/16/2002 13:27,0,2014-08-i,41,109,8/1/2014 0:00,8/7/2014 0:00,S,
60125,11,0,Y,2/16/2002 13:27,100,2/16/2002 13:27,0,2014-08-ii,42,109,8/8/2014 0:00,8/14/2014 0:00,S,
60126,11,0,Y,2/16/2002 13:27,100,2/16/2002 13:27,0,2014-08-iii,43,109,8/15/2014 0:00,8/21/2014 0:00,S,
60127,11,0,Y,2/16/2002 13:27,100,2/16/2002 13:27,0,2014-08-iv,44,109,8/22/2014 0:00,8/31/2014 0:00,S,
60128,11,0,Y,2/16/2002 13:27,100,2/16/2002 13:27,0,2014-09-i,45,109,9/1/2014 0:00,9/7/2014 0:00,S,
60129,11,0,Y,2/16/2002 13:27,100,2/16/2002 13:27,0,2014-09-ii,46,109,9/8/2014 0:00,9/14/2014 0:00,S,
60130,11,0,Y,2/16/2002 13:27,100,2/16/2002 13:27,0,2014-09-iii,47,109,9/15/2014 0:00,9/21/2014 0:00,S,
60131,11,0,Y,2/16/2002 13:27,100,2/16/2002 13:27,0,2014-09-iv,48,109,9/22/2014 0:00,9/30/2014 0:00,S,
60132,11,0,Y,2/16/2002 13:27,100,2/16/2002 13:27,0,2014-10-i,49,109,10/1/2014 0:00,10/7/2014 0:00,S,
60133,11,0,Y,2/16/2002 13:27,100,2/16/2002 13:27,0,2014-10-ii,50,109,10/8/2014 0:00,10/14/2014 0:00,S,
60134,11,0,Y,2/16/2002 13:27,100,2/16/2002 13:27,0,2014-10-iii,51,109,10/15/2014 0:00,10/21/2014 0:00,S,
60135,11,0,Y,2/16/2002 13:27,100,2/16/2002 13:27,0,2014-10-iv,52,109,10/22/2014 0:00,10/31/2014 0:00,S,
60136,11,0,Y,2/16/2002 13:27,100,2/16/2002 13:27,0,2014-11-i,53,109,11/1/2014 0:00,11/7/2014 0:00,S,
60137,11,0,Y,2/16/2002 13:27,100,2/16/2002 13:27,0,2014-11-ii,54,109,11/8/2014 0:00,11/14/2014 0:00,S,
60138,11,0,Y,2/16/2002 13:27,100,2/16/2002 13:27,0,2014-11-iii,55,109,11/15/2014 0:00,11/21/2014 0:00,S,
60139,11,0,Y,2/16/2002 13:27,100,2/16/2002 13:27,0,2014-11-iv,56,109,11/22/2014 0:00,11/30/2014 0:00,S,
60140,11,0,Y,2/16/2002 13:27,100,2/16/2002 13:27,0,2014-12-i,57,109,12/1/2014 0:00,12/7/2014 0:00,S,
60141,11,0,Y,2/16/2002 13:27,100,2/16/2002 13:27,0,2014-12-ii,58,109,12/8/2014 0:00,12/14/2014 0:00,S,
60142,11,0,Y,2/16/2002 13:27,100,2/16/2002 13:27,0,2014-12-iii,59,109,12/15/2014 0:00,12/21/2014 0:00,S,
60143,11,0,Y,2/16/2002 13:27,100,2/16/2002 13:27,0,2014-12-iv,60,109,12/22/2014 0:00,12/31/2014 0:00,S,
60144,11,0,Y,12/10/2003 22:11,100,12/10/2003 22:11,100,2015-01-i,13,110,1/1/2015 0:00,1/7/2015 0:00,S,
60145,11,0,Y,12/10/2003 22:11,100,12/10/2003 22:11,100,2015-01-ii,14,110,1/8/2015 0:00,1/14/2015 0:00,S,
60146,11,0,Y,12/10/2003 22:11,100,12/10/2003 22:11,100,2015-01-iii,15,110,1/15/2015 0:00,1/21/2015 0:00,S,
60147,11,0,Y,12/10/2003 22:11,100,12/10/2003 22:11,100,2015-01-iv,16,110,1/22/2015 0:00,1/31/2015 0:00,S,
60148,11,0,Y,12/10/2003 22:11,100,12/10/2003 22:11,100,2015-02-i,17,110,2/1/2015 0:00,2/7/2015 0:00,S,
60149,11,0,Y,12/10/2003 22:11,100,12/10/2003 22:11,100,2015-02-ii,18,110,2/8/2015 0:00,2/14/2015 0:00,S,
60150,11,0,Y,12/10/2003 22:11,100,12/10/2003 22:11,100,2015-02-iii,19,110,2/15/2015 0:00,2/21/2015 0:00,S,
60151,11,0,Y,12/10/2003 22:11,100,12/10/2003 22:11,100,2015-02-iv,20,110,2/22/2015 0:00,2/28/2015 0:00,S,
60152,11,0,Y,12/10/2003 22:11,100,12/10/2003 22:11,100,2015-03-i,21,110,3/1/2015 0:00,3/7/2015 0:00,S,
60153,11,0,Y,12/10/2003 22:11,100,12/10/2003 22:11,100,2015-03-ii,22,110,3/8/2015 0:00,3/14/2015 0:00,S,
60154,11,0,Y,12/10/2003 22:11,100,12/10/2003 22:11,100,2015-03-iii,23,110,3/15/2015 0:00,3/21/2015 0:00,S,
60155,11,0,Y,12/10/2003 22:11,100,12/10/2003 22:11,100,2015-03-iv,24,110,3/22/2015 0:00,3/31/2015 0:00,S,
60156,11,0,Y,12/10/2003 22:11,100,12/10/2003 22:11,100,2015-04-i,25,110,4/1/2015 0:00,4/7/2015 0:00,S,
60157,11,0,Y,12/10/2003 22:11,100,12/10/2003 22:11,100,2015-04-ii,26,110,4/8/2015 0:00,4/14/2015 0:00,S,
60158,11,0,Y,12/10/2003 22:11,100,12/10/2003 22:11,100,2015-04-iii,27,110,4/15/2015 0:00,4/21/2015 0:00,S,
60159,11,0,Y,12/10/2003 22:11,100,12/10/2003 22:11,100,2015-04-iv,28,110,4/22/2015 0:00,4/30/2015 0:00,S,
60160,11,0,Y,12/10/2003 22:11,100,12/10/2003 22:11,100,2015-05-i,29,110,5/1/2015 0:00,5/7/2015 0:00,S,
60161,11,0,Y,12/10/2003 22:11,100,12/10/2003 22:11,100,2015-05-ii,30,110,5/8/2015 0:00,5/14/2015 0:00,S,
60162,11,0,Y,12/10/2003 22:11,100,12/10/2003 22:11,100,2015-05-iii,31,110,5/15/2015 0:00,5/21/2015 0:00,S,
60163,11,0,Y,12/10/2003 22:11,100,12/10/2003 22:11,100,2015-05-iv,32,110,5/22/2015 0:00,5/31/2015 0:00,S,
60164,11,0,Y,12/10/2003 22:11,100,12/10/2003 22:11,100,2015-06-i,33,110,6/1/2015 0:00,6/7/2015 0:00,S,
60165,11,0,Y,12/10/2003 22:11,100,12/10/2003 22:11,100,2015-06-ii,34,110,6/8/2015 0:00,6/14/2015 0:00,S,
60166,11,0,Y,12/10/2003 22:11,100,12/10/2003 22:11,100,2015-06-iii,35,110,6/15/2015 0:00,6/21/2015 0:00,S,
60167,11,0,Y,12/10/2003 22:11,100,12/10/2003 22:11,100,2015-06-iv,36,110,6/22/2015 0:00,6/30/2015 0:00,S,
60168,11,0,Y,12/10/2003 22:11,100,12/10/2003 22:11,100,2015-07-i,37,110,7/1/2015 0:00,7/7/2015 0:00,S,
60169,11,0,Y,12/10/2003 22:11,100,12/10/2003 22:11,100,2015-07-ii,38,110,7/8/2015 0:00,7/14/2015 0:00,S,
60170,11,0,Y,12/10/2003 22:11,100,12/10/2003 22:11,100,2015-07-iii,39,110,7/15/2015 0:00,7/21/2015 0:00,S,
60171,11,0,Y,12/10/2003 22:11,100,12/10/2003 22:11,100,2015-07-iv,40,110,7/22/2015 0:00,7/31/2015 0:00,S,
60172,11,0,Y,12/10/2003 22:11,100,12/10/2003 22:11,100,2015-08-i,41,110,8/1/2015 0:00,8/7/2015 0:00,S,
60173,11,0,Y,12/10/2003 22:11,100,12/10/2003 22:11,100,2015-08-ii,42,110,8/8/2015 0:00,8/14/2015 0:00,S,
60174,11,0,Y,12/10/2003 22:11,100,12/10/2003 22:11,100,2015-08-iii,43,110,8/15/2015 0:00,8/21/2015 0:00,S,
60175,11,0,Y,12/10/2003 22:11,100,12/10/2003 22:11,100,2015-08-iv,44,110,8/22/2015 0:00,8/31/2015 0:00,S,
60176,11,0,Y,12/10/2003 22:11,100,12/10/2003 22:11,100,2015-09-i,45,110,9/1/2015 0:00,9/7/2015 0:00,S,
60177,11,0,Y,12/10/2003 22:11,100,12/10/2003 22:11,100,2015-09-ii,46,110,9/8/2015 0:00,9/14/2015 0:00,S,
60178,11,0,Y,12/10/2003 22:11,100,12/10/2003 22:11,100,2015-09-iii,47,110,9/15/2015 0:00,9/21/2015 0:00,S,
60179,11,0,Y,12/10/2003 22:11,100,12/10/2003 22:11,100,2015-09-iv,48,110,9/22/2015 0:00,9/30/2015 0:00,S,
60180,11,0,Y,12/10/2003 22:11,100,12/10/2003 22:11,100,2015-10-i,49,110,10/1/2015 0:00,10/7/2015 0:00,S,
60181,11,0,Y,12/10/2003 22:11,100,12/10/2003 22:11,100,2015-10-ii,50,110,10/8/2015 0:00,10/14/2015 0:00,S,
60182,11,0,Y,12/10/2003 22:11,100,12/10/2003 22:11,100,2015-10-iii,51,110,10/15/2015 0:00,10/21/2015 0:00,S,
60183,11,0,Y,12/10/2003 22:11,100,12/10/2003 22:11,100,2015-10-iv,52,110,10/22/2015 0:00,10/31/2015 0:00,S,
60184,11,0,Y,12/10/2003 22:11,100,12/10/2003 22:11,100,2015-11-i,53,110,11/1/2015 0:00,11/7/2015 0:00,S,
60185,11,0,Y,12/10/2003 22:11,100,12/10/2003 22:11,100,2015-11-ii,54,110,11/8/2015 0:00,11/14/2015 0:00,S,
60186,11,0,Y,12/10/2003 22:11,100,12/10/2003 22:11,100,2015-11-iii,55,110,11/15/2015 0:00,11/21/2015 0:00,S,
60187,11,0,Y,12/10/2003 22:11,100,12/10/2003 22:11,100,2015-11-iv,56,110,11/22/2015 0:00,11/30/2015 0:00,S,
60188,11,0,Y,12/10/2003 22:11,100,12/10/2003 22:11,100,2015-12-i,57,110,12/1/2015 0:00,12/7/2015 0:00,S,
60189,11,0,Y,12/10/2003 22:11,100,12/10/2003 22:11,100,2015-12-ii,58,110,12/8/2015 0:00,12/14/2015 0:00,S,
60190,11,0,Y,12/10/2003 22:11,100,12/10/2003 22:11,100,2015-12-iii,59,110,12/15/2015 0:00,12/21/2015 0:00,S,
60191,11,0,Y,12/10/2003 22:11,100,12/10/2003 22:11,100,2015-12-iv,60,110,12/22/2015 0:00,12/31/2015 0:00,S,
60192,11,0,Y,12/21/2004 17:05,100,12/21/2004 17:05,100,2016-01-i,13,111,1/1/2016 0:00,1/7/2016 0:00,S,
60193,11,0,Y,12/21/2004 17:05,100,12/21/2004 17:05,100,2016-01-ii,14,111,1/8/2016 0:00,1/14/2016 0:00,S,
60194,11,0,Y,12/21/2004 17:05,100,12/21/2004 17:05,100,2016-01-iii,15,111,1/15/2016 0:00,1/21/2016 0:00,S,
60195,11,0,Y,12/21/2004 17:05,100,12/21/2004 17:05,100,2016-01-iv,16,111,1/22/2016 0:00,1/31/2016 0:00,S,
60196,11,0,Y,12/21/2004 17:05,100,12/21/2004 17:05,100,2016-02-i,17,111,2/1/2016 0:00,2/7/2016 0:00,S,
60197,11,0,Y,12/21/2004 17:05,100,12/21/2004 17:05,100,2016-02-ii,18,111,2/8/2016 0:00,2/14/2016 0:00,S,
60198,11,0,Y,12/21/2004 17:05,100,12/21/2004 17:05,100,2016-02-iii,19,111,2/15/2016 0:00,2/21/2016 0:00,S,
60199,11,0,Y,12/21/2004 17:05,100,12/21/2004 17:05,100,2016-02-iv,20,111,2/22/2016 0:00,2/29/2016 0:00,S,
60200,11,0,Y,12/21/2004 17:05,100,12/21/2004 17:05,100,2016-03-i,21,111,3/1/2016 0:00,3/7/2016 0:00,S,
60201,11,0,Y,12/21/2004 17:05,100,12/21/2004 17:05,100,2016-03-ii,22,111,3/8/2016 0:00,3/14/2016 0:00,S,
60202,11,0,Y,12/21/2004 17:05,100,12/21/2004 17:05,100,2016-03-iii,23,111,3/15/2016 0:00,3/21/2016 0:00,S,
60203,11,0,Y,12/21/2004 17:05,100,12/21/2004 17:05,100,2016-03-iv,24,111,3/22/2016 0:00,3/31/2016 0:00,S,
60204,11,0,Y,12/21/2004 17:05,100,12/21/2004 17:05,100,2016-04-i,25,111,4/1/2016 0:00,4/7/2016 0:00,S,
60205,11,0,Y,12/21/2004 17:05,100,12/21/2004 17:05,100,2016-04-ii,26,111,4/8/2016 0:00,4/14/2016 0:00,S,
60206,11,0,Y,12/21/2004 17:05,100,12/21/2004 17:05,100,2016-04-iii,27,111,4/15/2016 0:00,4/21/2016 0:00,S,
60207,11,0,Y,12/21/2004 17:05,100,12/21/2004 17:05,100,2016-04-iv,28,111,4/22/2016 0:00,4/30/2016 0:00,S,
60208,11,0,Y,12/21/2004 17:05,100,12/21/2004 17:05,100,2016-05-i,29,111,5/1/2016 0:00,5/7/2016 0:00,S,
60209,11,0,Y,12/21/2004 17:05,100,12/21/2004 17:05,100,2016-05-ii,30,111,5/8/2016 0:00,5/14/2016 0:00,S,
60210,11,0,Y,12/21/2004 17:05,100,12/21/2004 17:05,100,2016-05-iii,31,111,5/15/2016 0:00,5/21/2016 0:00,S,
60211,11,0,Y,12/21/2004 17:05,100,12/21/2004 17:05,100,2016-05-iv,32,111,5/22/2016 0:00,5/31/2016 0:00,S,
60212,11,0,Y,12/21/2004 17:05,100,12/21/2004 17:05,100,2016-06-i,33,111,6/1/2016 0:00,6/7/2016 0:00,S,
60213,11,0,Y,12/21/2004 17:05,100,12/21/2004 17:05,100,2016-06-ii,34,111,6/8/2016 0:00,6/14/2016 0:00,S,
60214,11,0,Y,12/21/2004 17:05,100,12/21/2004 17:05,100,2016-06-iii,35,111,6/15/2016 0:00,6/21/2016 0:00,S,
60215,11,0,Y,12/21/2004 17:05,100,12/21/2004 17:05,100,2016-06-iv,36,111,6/22/2016 0:00,6/30/2016 0:00,S,
60216,11,0,Y,12/21/2004 17:05,100,12/21/2004 17:05,100,2016-07-i,37,111,7/1/2016 0:00,7/7/2016 0:00,S,
60217,11,0,Y,12/21/2004 17:05,100,12/21/2004 17:05,100,2016-07-ii,38,111,7/8/2016 0:00,7/14/2016 0:00,S,
60218,11,0,Y,12/21/2004 17:05,100,12/21/2004 17:05,100,2016-07-iii,39,111,7/15/2016 0:00,7/21/2016 0:00,S,
60219,11,0,Y,12/21/2004 17:05,100,12/21/2004 17:05,100,2016-07-iv,40,111,7/22/2016 0:00,7/31/2016 0:00,S,
60220,11,0,Y,12/21/2004 17:05,100,12/21/2004 17:05,100,2016-08-i,41,111,8/1/2016 0:00,8/7/2016 0:00,S,
60221,11,0,Y,12/21/2004 17:05,100,12/21/2004 17:05,100,2016-08-ii,42,111,8/8/2016 0:00,8/14/2016 0:00,S,
60222,11,0,Y,12/21/2004 17:05,100,12/21/2004 17:05,100,2016-08-iii,43,111,8/15/2016 0:00,8/21/2016 0:00,S,
60223,11,0,Y,12/21/2004 17:05,100,12/21/2004 17:05,100,2016-08-iv,44,111,8/22/2016 0:00,8/31/2016 0:00,S,
60224,11,0,Y,12/21/2004 17:05,100,12/21/2004 17:05,100,2016-09-i,45,111,9/1/2016 0:00,9/7/2016 0:00,S,
60225,11,0,Y,12/21/2004 17:05,100,12/21/2004 17:05,100,2016-09-ii,46,111,9/8/2016 0:00,9/14/2016 0:00,S,
60226,11,0,Y,12/21/2004 17:05,100,12/21/2004 17:05,100,2016-09-iii,47,111,9/15/2016 0:00,9/21/2016 0:00,S,
60227,11,0,Y,12/21/2004 17:05,100,12/21/2004 17:05,100,2016-09-iv,48,111,9/22/2016 0:00,9/30/2016 0:00,S,
60228,11,0,Y,12/21/2004 17:05,100,12/21/2004 17:05,100,2016-10-i,49,111,10/1/2016 0:00,10/7/2016 0:00,S,
60229,11,0,Y,12/21/2004 17:05,100,12/21/2004 17:05,100,2016-10-ii,50,111,10/8/2016 0:00,10/14/2016 0:00,S,
60230,11,0,Y,12/21/2004 17:05,100,12/21/2004 17:05,100,2016-10-iii,51,111,10/15/2016 0:00,10/21/2016 0:00,S,
60231,11,0,Y,12/21/2004 17:05,100,12/21/2004 17:05,100,2016-10-iv,52,111,10/22/2016 0:00,10/31/2016 0:00,S,
60232,11,0,Y,12/21/2004 17:05,100,12/21/2004 17:05,100,2016-11-i,53,111,11/1/2016 0:00,11/7/2016 0:00,S,
60233,11,0,Y,12/21/2004 17:05,100,12/21/2004 17:05,100,2016-11-ii,54,111,11/8/2016 0:00,11/14/2016 0:00,S,
60234,11,0,Y,12/21/2004 17:05,100,12/21/2004 17:05,100,2016-11-iii,55,111,11/15/2016 0:00,11/21/2016 0:00,S,
60235,11,0,Y,12/21/2004 17:05,100,12/21/2004 17:05,100,2016-11-iv,56,111,11/22/2016 0:00,11/30/2016 0:00,S,
60236,11,0,Y,12/21/2004 17:05,100,12/21/2004 17:05,100,2016-12-i,57,111,12/1/2016 0:00,12/7/2016 0:00,S,
60237,11,0,Y,12/21/2004 17:05,100,12/21/2004 17:05,100,2016-12-ii,58,111,12/8/2016 0:00,12/14/2016 0:00,S,
60238,11,0,Y,12/21/2004 17:05,100,12/21/2004 17:05,100,2016-12-iii,59,111,12/15/2016 0:00,12/21/2016 0:00,S,
60239,11,0,Y,12/21/2004 17:05,100,12/21/2004 17:05,100,2016-12-iv,60,111,12/22/2016 0:00,12/31/2016 0:00,S,
60240,11,0,Y,10/3/2005 13:14,100,10/3/2005 13:14,100,2017-01-i,13,112,1/1/2017 0:00,1/7/2017 0:00,S,N
60241,11,0,Y,10/3/2005 13:14,100,10/3/2005 13:14,100,2017-01-ii,14,112,1/8/2017 0:00,1/14/2017 0:00,S,N
60242,11,0,Y,10/3/2005 13:14,100,10/3/2005 13:14,100,2017-01-iii,15,112,1/15/2017 0:00,1/21/2017 0:00,S,N
60243,11,0,Y,10/3/2005 13:14,100,10/3/2005 13:14,100,2017-01-iv,16,112,1/22/2017 0:00,1/31/2017 0:00,S,N
60244,11,0,Y,10/3/2005 13:14,100,10/3/2005 13:14,100,2017-02-i,17,112,2/1/2017 0:00,2/7/2017 0:00,S,N
60245,11,0,Y,10/3/2005 13:14,100,10/3/2005 13:14,100,2017-02-ii,18,112,2/8/2017 0:00,2/14/2017 0:00,S,N
60246,11,0,Y,10/3/2005 13:14,100,10/3/2005 13:14,100,2017-02-iii,19,112,2/15/2017 0:00,2/21/2017 0:00,S,N
60247,11,0,Y,10/3/2005 13:14,100,10/3/2005 13:14,100,2017-02-iv,20,112,2/22/2017 0:00,2/28/2017 0:00,S,N
60248,11,0,Y,10/3/2005 13:14,100,10/3/2005 13:14,100,2017-03-i,21,112,3/1/2017 0:00,3/7/2017 0:00,S,N
60249,11,0,Y,10/3/2005 13:14,100,10/3/2005 13:14,100,2017-03-ii,22,112,3/8/2017 0:00,3/14/2017 0:00,S,N
60250,11,0,Y,10/3/2005 13:14,100,10/3/2005 13:14,100,2017-03-iii,23,112,3/15/2017 0:00,3/21/2017 0:00,S,N
60251,11,0,Y,10/3/2005 13:14,100,10/3/2005 13:14,100,2017-03-iv,24,112,3/22/2017 0:00,3/31/2017 0:00,S,N
60252,11,0,Y,10/3/2005 13:14,100,10/3/2005 13:14,100,2017-04-i,25,112,4/1/2017 0:00,4/7/2017 0:00,S,N
60253,11,0,Y,10/3/2005 13:14,100,10/3/2005 13:14,100,2017-04-ii,26,112,4/8/2017 0:00,4/14/2017 0:00,S,N
60254,11,0,Y,10/3/2005 13:14,100,10/3/2005 13:14,100,2017-04-iii,27,112,4/15/2017 0:00,4/21/2017 0:00,S,N
60255,11,0,Y,10/3/2005 13:14,100,10/3/2005 13:14,100,2017-04-iv,28,112,4/22/2017 0:00,4/30/2017 0:00,S,N
60256,11,0,Y,10/3/2005 13:14,100,10/3/2005 13:14,100,2017-05-i,29,112,5/1/2017 0:00,5/7/2017 0:00,S,N
60257,11,0,Y,10/3/2005 13:14,100,10/3/2005 13:14,100,2017-05-ii,30,112,5/8/2017 0:00,5/14/2017 0:00,S,N
60258,11,0,Y,10/3/2005 13:14,100,10/3/2005 13:14,100,2017-05-iii,31,112,5/15/2017 0:00,5/21/2017 0:00,S,N
60259,11,0,Y,10/3/2005 13:14,100,10/3/2005 13:14,100,2017-05-iv,32,112,5/22/2017 0:00,5/31/2017 0:00,S,N
60260,11,0,Y,10/3/2005 13:14,100,10/3/2005 13:14,100,2017-06-i,33,112,6/1/2017 0:00,6/7/2017 0:00,S,N
60261,11,0,Y,10/3/2005 13:14,100,10/3/2005 13:14,100,2017-06-ii,34,112,6/8/2017 0:00,6/14/2017 0:00,S,N
60262,11,0,Y,10/3/2005 13:14,100,10/3/2005 13:14,100,2017-06-iii,35,112,6/15/2017 0:00,6/21/2017 0:00,S,N
60263,11,0,Y,10/3/2005 13:14,100,10/3/2005 13:14,100,2017-06-iv,36,112,6/22/2017 0:00,6/30/2017 0:00,S,N
60264,11,0,Y,10/3/2005 13:14,100,10/3/2005 13:14,100,2017-07-i,37,112,7/1/2017 0:00,7/7/2017 0:00,S,N
60265,11,0,Y,10/3/2005 13:14,100,10/3/2005 13:14,100,2017-07-ii,38,112,7/8/2017 0:00,7/14/2017 0:00,S,N
60266,11,0,Y,10/3/2005 13:14,100,10/3/2005 13:14,100,2017-07-iii,39,112,7/15/2017 0:00,7/21/2017 0:00,S,N
60267,11,0,Y,10/3/2005 13:14,100,10/3/2005 13:14,100,2017-07-iv,40,112,7/22/2017 0:00,7/31/2017 0:00,S,N
60268,11,0,Y,10/3/2005 13:14,100,10/3/2005 13:14,100,2017-08-i,41,112,8/1/2017 0:00,8/7/2017 0:00,S,N
60269,11,0,Y,10/3/2005 13:14,100,10/3/2005 13:14,100,2017-08-ii,42,112,8/8/2017 0:00,8/14/2017 0:00,S,N
60270,11,0,Y,10/3/2005 13:14,100,10/3/2005 13:14,100,2017-08-iii,43,112,8/15/2017 0:00,8/21/2017 0:00,S,N
60271,11,0,Y,10/3/2005 13:14,100,10/3/2005 13:14,100,2017-08-iv,44,112,8/22/2017 0:00,8/31/2017 0:00,S,N
60272,11,0,Y,10/3/2005 13:14,100,10/3/2005 13:14,100,2017-09-i,45,112,9/1/2017 0:00,9/7/2017 0:00,S,N
60273,11,0,Y,10/3/2005 13:14,100,10/3/2005 13:14,100,2017-09-ii,46,112,9/8/2017 0:00,9/14/2017 0:00,S,N
60274,11,0,Y,10/3/2005 13:14,100,10/3/2005 13:14,100,2017-09-iii,47,112,9/15/2017 0:00,9/21/2017 0:00,S,N
60275,11,0,Y,10/3/2005 13:14,100,10/3/2005 13:14,100,2017-09-iv,48,112,9/22/2017 0:00,9/30/2017 0:00,S,N
60276,11,0,Y,10/3/2005 13:14,100,10/3/2005 13:14,100,2017-10-i,49,112,10/1/2017 0:00,10/7/2017 0:00,S,N
60277,11,0,Y,10/3/2005 13:14,100,10/3/2005 13:14,100,2017-10-ii,50,112,10/8/2017 0:00,10/14/2017 0:00,S,N
60278,11,0,Y,10/3/2005 13:14,100,10/3/2005 13:14,100,2017-10-iii,51,112,10/15/2017 0:00,10/21/2017 0:00,S,N
60279,11,0,Y,10/3/2005 13:14,100,10/3/2005 13:14,100,2017-10-iv,52,112,10/22/2017 0:00,10/31/2017 0:00,S,N
60280,11,0,Y,10/3/2005 13:14,100,10/3/2005 13:14,100,2017-11-i,53,112,11/1/2017 0:00,11/7/2017 0:00,S,N
60281,11,0,Y,10/3/2005 13:14,100,10/3/2005 13:14,100,2017-11-ii,54,112,11/8/2017 0:00,11/14/2017 0:00,S,N
60282,11,0,Y,10/3/2005 13:14,100,10/3/2005 13:14,100,2017-11-iii,55,112,11/15/2017 0:00,11/21/2017 0:00,S,N
60283,11,0,Y,10/3/2005 13:14,100,10/3/2005 13:14,100,2017-11-iv,56,112,11/22/2017 0:00,11/30/2017 0:00,S,N
60284,11,0,Y,10/3/2005 13:14,100,10/3/2005 13:14,100,2017-12-i,57,112,12/1/2017 0:00,12/7/2017 0:00,S,N
60285,11,0,Y,10/3/2005 13:14,100,10/3/2005 13:14,100,2017-12-ii,58,112,12/8/2017 0:00,12/14/2017 0:00,S,N
60286,11,0,Y,10/3/2005 13:14,100,10/3/2005 13:14,100,2017-12-iii,59,112,12/15/2017 0:00,12/21/2017 0:00,S,N
60287,11,0,Y,10/3/2005 13:14,100,10/3/2005 13:14,100,2017-12-iv,60,112,12/22/2017 0:00,12/31/2017 0:00,S,N
60288,11,0,Y,1/24/2007 0:04,100,1/24/2007 0:04,100,2018-01-i,13,50000,1/1/2018 0:00,1/7/2018 0:00,S,N
60289,11,0,Y,1/24/2007 0:04,100,1/24/2007 0:04,100,2018-01-ii,14,50000,1/8/2018 0:00,1/14/2018 0:00,S,N
60290,11,0,Y,1/24/2007 0:04,100,1/24/2007 0:04,100,2018-01-iii,15,50000,1/15/2018 0:00,1/21/2018 0:00,S,N
60291,11,0,Y,1/24/2007 0:04,100,1/24/2007 0:04,100,2018-01-iv,16,50000,1/22/2018 0:00,1/31/2018 0:00,S,N
60292,11,0,Y,1/24/2007 0:04,100,1/24/2007 0:04,100,2018-02-i,17,50000,2/1/2018 0:00,2/7/2018 0:00,S,N
60293,11,0,Y,1/24/2007 0:04,100,1/24/2007 0:04,100,2018-02-ii,18,50000,2/8/2018 0:00,2/14/2018 0:00,S,N
60294,11,0,Y,1/24/2007 0:04,100,1/24/2007 0:04,100,2018-02-iii,19,50000,2/15/2018 0:00,2/21/2018 0:00,S,N
60295,11,0,Y,1/24/2007 0:04,100,1/24/2007 0:04,100,2018-02-iv,20,50000,2/22/2018 0:00,2/28/2018 0:00,S,N
60296,11,0,Y,1/24/2007 0:04,100,1/24/2007 0:04,100,2018-03-i,21,50000,3/1/2018 0:00,3/7/2018 0:00,S,N
60297,11,0,Y,1/24/2007 0:04,100,1/24/2007 0:04,100,2018-03-ii,22,50000,3/8/2018 0:00,3/14/2018 0:00,S,N
60298,11,0,Y,1/24/2007 0:04,100,1/24/2007 0:04,100,2018-03-iii,23,50000,3/15/2018 0:00,3/21/2018 0:00,S,N
60299,11,0,Y,1/24/2007 0:04,100,1/24/2007 0:04,100,2018-03-iv,24,50000,3/22/2018 0:00,3/31/2018 0:00,S,N
60300,11,0,Y,1/24/2007 0:04,100,1/24/2007 0:04,100,2018-04-i,25,50000,4/1/2018 0:00,4/7/2018 0:00,S,N
60301,11,0,Y,1/24/2007 0:04,100,1/24/2007 0:04,100,2018-04-ii,26,50000,4/8/2018 0:00,4/14/2018 0:00,S,N
60302,11,0,Y,1/24/2007 0:04,100,1/24/2007 0:04,100,2018-04-iii,27,50000,4/15/2018 0:00,4/21/2018 0:00,S,N
60303,11,0,Y,1/24/2007 0:04,100,1/24/2007 0:04,100,2018-04-iv,28,50000,4/22/2018 0:00,4/30/2018 0:00,S,N
60304,11,0,Y,1/24/2007 0:04,100,1/24/2007 0:04,100,2018-05-i,29,50000,5/1/2018 0:00,5/7/2018 0:00,S,N
60305,11,0,Y,1/24/2007 0:04,100,1/24/2007 0:04,100,2018-05-ii,30,50000,5/8/2018 0:00,5/14/2018 0:00,S,N
60306,11,0,Y,1/24/2007 0:04,100,1/24/2007 0:04,100,2018-05-iii,31,50000,5/15/2018 0:00,5/21/2018 0:00,S,N
60307,11,0,Y,1/24/2007 0:04,100,1/24/2007 0:04,100,2018-05-iv,32,50000,5/22/2018 0:00,5/31/2018 0:00,S,N
60308,11,0,Y,1/24/2007 0:04,100,1/24/2007 0:04,100,2018-06-i,33,50000,6/1/2018 0:00,6/7/2018 0:00,S,N
60309,11,0,Y,1/24/2007 0:04,100,1/24/2007 0:04,100,2018-06-ii,34,50000,6/8/2018 0:00,6/14/2018 0:00,S,N
60310,11,0,Y,1/24/2007 0:04,100,1/24/2007 0:04,100,2018-06-iii,35,50000,6/15/2018 0:00,6/21/2018 0:00,S,N
60311,11,0,Y,1/24/2007 0:04,100,1/24/2007 0:04,100,2018-06-iv,36,50000,6/22/2018 0:00,6/30/2018 0:00,S,N
60312,11,0,Y,1/24/2007 0:04,100,1/24/2007 0:04,100,2018-07-i,37,50000,7/1/2018 0:00,7/7/2018 0:00,S,N
60313,11,0,Y,1/24/2007 0:04,100,1/24/2007 0:04,100,2018-07-ii,38,50000,7/8/2018 0:00,7/14/2018 0:00,S,N
60314,11,0,Y,1/24/2007 0:04,100,1/24/2007 0:04,100,2018-07-iii,39,50000,7/15/2018 0:00,7/21/2018 0:00,S,N
60315,11,0,Y,1/24/2007 0:04,100,1/24/2007 0:04,100,2018-07-iv,40,50000,7/22/2018 0:00,7/31/2018 0:00,S,N
60316,11,0,Y,1/24/2007 0:04,100,1/24/2007 0:04,100,2018-08-i,41,50000,8/1/2018 0:00,8/7/2018 0:00,S,N
60317,11,0,Y,1/24/2007 0:04,100,1/24/2007 0:04,100,2018-08-ii,42,50000,8/8/2018 0:00,8/14/2018 0:00,S,N
60318,11,0,Y,1/24/2007 0:04,100,1/24/2007 0:04,100,2018-08-iii,43,50000,8/15/2018 0:00,8/21/2018 0:00,S,N
60319,11,0,Y,1/24/2007 0:04,100,1/24/2007 0:04,100,2018-08-iv,44,50000,8/22/2018 0:00,8/31/2018 0:00,S,N
60320,11,0,Y,1/24/2007 0:04,100,1/24/2007 0:04,100,2018-09-i,45,50000,9/1/2018 0:00,9/7/2018 0:00,S,N
60321,11,0,Y,1/24/2007 0:04,100,1/24/2007 0:04,100,2018-09-ii,46,50000,9/8/2018 0:00,9/14/2018 0:00,S,N
60322,11,0,Y,1/24/2007 0:04,100,1/24/2007 0:04,100,2018-09-iii,47,50000,9/15/2018 0:00,9/21/2018 0:00,S,N
60323,11,0,Y,1/24/2007 0:04,100,1/24/2007 0:04,100,2018-09-iv,48,50000,9/22/2018 0:00,9/30/2018 0:00,S,N
60324,11,0,Y,1/24/2007 0:04,100,1/24/2007 0:04,100,2018-10-i,49,50000,10/1/2018 0:00,10/7/2018 0:00,S,N
60325,11,0,Y,1/24/2007 0:04,100,1/24/2007 0:04,100,2018-10-ii,50,50000,10/8/2018 0:00,10/14/2018 0:00,S,N
60326,11,0,Y,1/24/2007 0:04,100,1/24/2007 0:04,100,2018-10-iii,51,50000,10/15/2018 0:00,10/21/2018 0:00,S,N
60327,11,0,Y,1/24/2007 0:04,100,1/24/2007 0:04,100,2018-10-iv,52,50000,10/22/2018 0:00,10/31/2018 0:00,S,N
60328,11,0,Y,1/24/2007 0:04,100,1/24/2007 0:04,100,2018-11-i,53,50000,11/1/2018 0:00,11/7/2018 0:00,S,N
60329,11,0,Y,1/24/2007 0:04,100,1/24/2007 0:04,100,2018-11-ii,54,50000,11/8/2018 0:00,11/14/2018 0:00,S,N
60330,11,0,Y,1/24/2007 0:04,100,1/24/2007 0:04,100,2018-11-iii,55,50000,11/15/2018 0:00,11/21/2018 0:00,S,N
60331,11,0,Y,1/24/2007 0:04,100,1/24/2007 0:04,100,2018-11-iv,56,50000,11/22/2018 0:00,11/30/2018 0:00,S,N
60332,11,0,Y,1/24/2007 0:04,100,1/24/2007 0:04,100,2018-12-i,57,50000,12/1/2018 0:00,12/7/2018 0:00,S,N
60333,11,0,Y,1/24/2007 0:04,100,1/24/2007 0:04,100,2018-12-ii,58,50000,12/8/2018 0:00,12/14/2018 0:00,S,N
60334,11,0,Y,1/24/2007 0:04,100,1/24/2007 0:04,100,2018-12-iii,59,50000,12/15/2018 0:00,12/21/2018 0:00,S,N
60335,11,0,Y,1/24/2007 0:04,100,1/24/2007 0:04,100,2018-12-iv,60,50000,12/22/2018 0:00,12/31/2018 0:00,S,N
60336,11,0,Y,12/31/2007 16:26,100,12/31/2007 16:26,100,2019-01-i,13,50001,1/1/2019 0:00,1/7/2019 0:00,S,N
60337,11,0,Y,12/31/2007 16:26,100,12/31/2007 16:26,100,2019-01-ii,14,50001,1/8/2019 0:00,1/14/2019 0:00,S,N
60338,11,0,Y,12/31/2007 16:26,100,12/31/2007 16:26,100,2019-01-iii,15,50001,1/15/2019 0:00,1/21/2019 0:00,S,N
60339,11,0,Y,12/31/2007 16:26,100,12/31/2007 16:26,100,2019-01-iv,16,50001,1/22/2019 0:00,1/31/2019 0:00,S,N
60340,11,0,Y,12/31/2007 16:26,100,12/31/2007 16:26,100,2019-02-i,17,50001,2/1/2019 0:00,2/7/2019 0:00,S,N
60341,11,0,Y,12/31/2007 16:26,100,12/31/2007 16:26,100,2019-02-ii,18,50001,2/8/2019 0:00,2/14/2019 0:00,S,N
60342,11,0,Y,12/31/2007 16:26,100,12/31/2007 16:26,100,2019-02-iii,19,50001,2/15/2019 0:00,2/21/2019 0:00,S,N
60343,11,0,Y,12/31/2007 16:26,100,12/31/2007 16:26,100,2019-02-iv,20,50001,2/22/2019 0:00,2/28/2019 0:00,S,N
60344,11,0,Y,12/31/2007 16:26,100,12/31/2007 16:26,100,2019-03-i,21,50001,3/1/2019 0:00,3/7/2019 0:00,S,N
60345,11,0,Y,12/31/2007 16:26,100,12/31/2007 16:26,100,2019-03-ii,22,50001,3/8/2019 0:00,3/14/2019 0:00,S,N
60346,11,0,Y,12/31/2007 16:26,100,12/31/2007 16:26,100,2019-03-iii,23,50001,3/15/2019 0:00,3/21/2019 0:00,S,N
60347,11,0,Y,12/31/2007 16:26,100,12/31/2007 16:26,100,2019-03-iv,24,50001,3/22/2019 0:00,3/31/2019 0:00,S,N
60348,11,0,Y,12/31/2007 16:26,100,12/31/2007 16:26,100,2019-04-i,25,50001,4/1/2019 0:00,4/7/2019 0:00,S,N
60349,11,0,Y,12/31/2007 16:26,100,12/31/2007 16:26,100,2019-04-ii,26,50001,4/8/2019 0:00,4/14/2019 0:00,S,N
60350,11,0,Y,12/31/2007 16:26,100,12/31/2007 16:26,100,2019-04-iii,27,50001,4/15/2019 0:00,4/21/2019 0:00,S,N
60351,11,0,Y,12/31/2007 16:26,100,12/31/2007 16:26,100,2019-04-iv,28,50001,4/22/2019 0:00,4/30/2019 0:00,S,N
60352,11,0,Y,12/31/2007 16:26,100,12/31/2007 16:26,100,2019-05-i,29,50001,5/1/2019 0:00,5/7/2019 0:00,S,N
60353,11,0,Y,12/31/2007 16:26,100,12/31/2007 16:26,100,2019-05-ii,30,50001,5/8/2019 0:00,5/14/2019 0:00,S,N
60354,11,0,Y,12/31/2007 16:26,100,12/31/2007 16:26,100,2019-05-iii,31,50001,5/15/2019 0:00,5/21/2019 0:00,S,N
60355,11,0,Y,12/31/2007 16:26,100,12/31/2007 16:26,100,2019-05-iv,32,50001,5/22/2019 0:00,5/31/2019 0:00,S,N
60356,11,0,Y,12/31/2007 16:26,100,12/31/2007 16:26,100,2019-06-i,33,50001,6/1/2019 0:00,6/7/2019 0:00,S,N
60357,11,0,Y,12/31/2007 16:26,100,12/31/2007 16:26,100,2019-06-ii,34,50001,6/8/2019 0:00,6/14/2019 0:00,S,N
60358,11,0,Y,12/31/2007 16:26,100,12/31/2007 16:26,100,2019-06-iii,35,50001,6/15/2019 0:00,6/21/2019 0:00,S,N
60359,11,0,Y,12/31/2007 16:26,100,12/31/2007 16:26,100,2019-06-iv,36,50001,6/22/2019 0:00,6/30/2019 0:00,S,N
60360,11,0,Y,12/31/2007 16:26,100,12/31/2007 16:26,100,2019-07-i,37,50001,7/1/2019 0:00,7/7/2019 0:00,S,N
60361,11,0,Y,12/31/2007 16:26,100,12/31/2007 16:26,100,2019-07-ii,38,50001,7/8/2019 0:00,7/14/2019 0:00,S,N
60362,11,0,Y,12/31/2007 16:26,100,12/31/2007 16:26,100,2019-07-iii,39,50001,7/15/2019 0:00,7/21/2019 0:00,S,N
60363,11,0,Y,12/31/2007 16:26,100,12/31/2007 16:26,100,2019-07-iv,40,50001,7/22/2019 0:00,7/31/2019 0:00,S,N
60364,11,0,Y,12/31/2007 16:26,100,12/31/2007 16:26,100,2019-08-i,41,50001,8/1/2019 0:00,8/7/2019 0:00,S,N
60365,11,0,Y,12/31/2007 16:26,100,12/31/2007 16:26,100,2019-08-ii,42,50001,8/8/2019 0:00,8/14/2019 0:00,S,N
60366,11,0,Y,12/31/2007 16:26,100,12/31/2007 16:26,100,2019-08-iii,43,50001,8/15/2019 0:00,8/21/2019 0:00,S,N
60367,11,0,Y,12/31/2007 16:26,100,12/31/2007 16:26,100,2019-08-iv,44,50001,8/22/2019 0:00,8/31/2019 0:00,S,N
60368,11,0,Y,12/31/2007 16:26,100,12/31/2007 16:26,100,2019-09-i,45,50001,9/1/2019 0:00,9/7/2019 0:00,S,N
60369,11,0,Y,12/31/2007 16:26,100,12/31/2007 16:26,100,2019-09-ii,46,50001,9/8/2019 0:00,9/14/2019 0:00,S,N
60370,11,0,Y,12/31/2007 16:26,100,12/31/2007 16:26,100,2019-09-iii,47,50001,9/15/2019 0:00,9/21/2019 0:00,S,N
60371,11,0,Y,12/31/2007 16:26,100,12/31/2007 16:26,100,2019-09-iv,48,50001,9/22/2019 0:00,9/30/2019 0:00,S,N
60372,11,0,Y,12/31/2007 16:26,100,12/31/2007 16:26,100,2019-10-i,49,50001,10/1/2019 0:00,10/7/2019 0:00,S,N
60373,11,0,Y,12/31/2007 16:26,100,12/31/2007 16:26,100,2019-10-ii,50,50001,10/8/2019 0:00,10/14/2019 0:00,S,N
60374,11,0,Y,12/31/2007 16:26,100,12/31/2007 16:26,100,2019-10-iii,51,50001,10/15/2019 0:00,10/21/2019 0:00,S,N
60375,11,0,Y,12/31/2007 16:26,100,12/31/2007 16:26,100,2019-10-iv,52,50001,10/22/2019 0:00,10/31/2019 0:00,S,N
60376,11,0,Y,12/31/2007 16:26,100,12/31/2007 16:26,100,2019-11-i,53,50001,11/1/2019 0:00,11/7/2019 0:00,S,N
60377,11,0,Y,12/31/2007 16:26,100,12/31/2007 16:26,100,2019-11-ii,54,50001,11/8/2019 0:00,11/14/2019 0:00,S,N
60378,11,0,Y,12/31/2007 16:26,100,12/31/2007 16:26,100,2019-11-iii,55,50001,11/15/2019 0:00,11/21/2019 0:00,S,N
60379,11,0,Y,12/31/2007 16:26,100,12/31/2007 16:26,100,2019-11-iv,56,50001,11/22/2019 0:00,11/30/2019 0:00,S,N
60380,11,0,Y,12/31/2007 16:26,100,12/31/2007 16:26,100,2019-12-i,57,50001,12/1/2019 0:00,12/7/2019 0:00,S,N
60381,11,0,Y,12/31/2007 16:26,100,12/31/2007 16:26,100,2019-12-ii,58,50001,12/8/2019 0:00,12/14/2019 0:00,S,N
60382,11,0,Y,12/31/2007 16:26,100,12/31/2007 16:26,100,2019-12-iii,59,50001,12/15/2019 0:00,12/21/2019 0:00,S,N
60383,11,0,Y,12/31/2007 16:26,100,12/31/2007 16:26,100,2019-12-iv,60,50001,12/22/2019 0:00,12/31/2019 0:00,S,N
60384,11,0,Y,1/2/2009 12:02,100,1/2/2009 12:02,100,2020-01-i,13,50002,1/1/2020 0:00,1/7/2020 0:00,S,N
60385,11,0,Y,1/2/2009 12:02,100,1/2/2009 12:02,100,2020-01-ii,14,50002,1/8/2020 0:00,1/14/2020 0:00,S,N
60386,11,0,Y,1/2/2009 12:02,100,1/2/2009 12:02,100,2020-01-iii,15,50002,1/15/2020 0:00,1/21/2020 0:00,S,N
60387,11,0,Y,1/2/2009 12:02,100,1/2/2009 12:02,100,2020-01-iv,16,50002,1/22/2020 0:00,1/31/2020 0:00,S,N
60388,11,0,Y,1/2/2009 12:02,100,1/2/2009 12:02,100,2020-02-i,17,50002,2/1/2020 0:00,2/7/2020 0:00,S,N
60389,11,0,Y,1/2/2009 12:02,100,1/2/2009 12:02,100,2020-02-ii,18,50002,2/8/2020 0:00,2/14/2020 0:00,S,N
60390,11,0,Y,1/2/2009 12:02,100,1/2/2009 12:02,100,2020-02-iii,19,50002,2/15/2020 0:00,2/21/2020 0:00,S,N
60391,11,0,Y,1/2/2009 12:02,100,1/2/2009 12:02,100,2020-02-iv,20,50002,2/22/2020 0:00,2/29/2020 0:00,S,N
60392,11,0,Y,1/2/2009 12:02,100,1/2/2009 12:02,100,2020-03-i,21,50002,3/1/2020 0:00,3/7/2020 0:00,S,N
60393,11,0,Y,1/2/2009 12:02,100,1/2/2009 12:02,100,2020-03-ii,22,50002,3/8/2020 0:00,3/14/2020 0:00,S,N
60394,11,0,Y,1/2/2009 12:02,100,1/2/2009 12:02,100,2020-03-iii,23,50002,3/15/2020 0:00,3/21/2020 0:00,S,N
60395,11,0,Y,1/2/2009 12:02,100,1/2/2009 12:02,100,2020-03-iv,24,50002,3/22/2020 0:00,3/31/2020 0:00,S,N
60396,11,0,Y,1/2/2009 12:02,100,1/2/2009 12:02,100,2020-04-i,25,50002,4/1/2020 0:00,4/7/2020 0:00,S,N
60397,11,0,Y,1/2/2009 12:02,100,1/2/2009 12:02,100,2020-04-ii,26,50002,4/8/2020 0:00,4/14/2020 0:00,S,N
60398,11,0,Y,1/2/2009 12:02,100,1/2/2009 12:02,100,2020-04-iii,27,50002,4/15/2020 0:00,4/21/2020 0:00,S,N
60399,11,0,Y,1/2/2009 12:02,100,1/2/2009 12:02,100,2020-04-iv,28,50002,4/22/2020 0:00,4/30/2020 0:00,S,N
60400,11,0,Y,1/2/2009 12:02,100,1/2/2009 12:02,100,2020-05-i,29,50002,5/1/2020 0:00,5/7/2020 0:00,S,N
60401,11,0,Y,1/2/2009 12:02,100,1/2/2009 12:02,100,2020-05-ii,30,50002,5/8/2020 0:00,5/14/2020 0:00,S,N
60402,11,0,Y,1/2/2009 12:02,100,1/2/2009 12:02,100,2020-05-iii,31,50002,5/15/2020 0:00,5/21/2020 0:00,S,N
60403,11,0,Y,1/2/2009 12:02,100,1/2/2009 12:02,100,2020-05-iv,32,50002,5/22/2020 0:00,5/31/2020 0:00,S,N
60404,11,0,Y,1/2/2009 12:02,100,1/2/2009 12:02,100,2020-06-i,33,50002,6/1/2020 0:00,6/7/2020 0:00,S,N
60405,11,0,Y,1/2/2009 12:02,100,1/2/2009 12:02,100,2020-06-ii,34,50002,6/8/2020 0:00,6/14/2020 0:00,S,N
60406,11,0,Y,1/2/2009 12:02,100,1/2/2009 12:02,100,2020-06-iii,35,50002,6/15/2020 0:00,6/21/2020 0:00,S,N
60407,11,0,Y,1/2/2009 12:02,100,1/2/2009 12:02,100,2020-06-iv,36,50002,6/22/2020 0:00,6/30/2020 0:00,S,N
60408,11,0,Y,1/2/2009 12:02,100,1/2/2009 12:02,100,2020-07-i,37,50002,7/1/2020 0:00,7/7/2020 0:00,S,N
60409,11,0,Y,1/2/2009 12:02,100,1/2/2009 12:02,100,2020-07-ii,38,50002,7/8/2020 0:00,7/14/2020 0:00,S,N
60410,11,0,Y,1/2/2009 12:02,100,1/2/2009 12:02,100,2020-07-iii,39,50002,7/15/2020 0:00,7/21/2020 0:00,S,N
60411,11,0,Y,1/2/2009 12:02,100,1/2/2009 12:02,100,2020-07-iv,40,50002,7/22/2020 0:00,7/31/2020 0:00,S,N
60412,11,0,Y,1/2/2009 12:02,100,1/2/2009 12:02,100,2020-08-i,41,50002,8/1/2020 0:00,8/7/2020 0:00,S,N
60413,11,0,Y,1/2/2009 12:02,100,1/2/2009 12:02,100,2020-08-ii,42,50002,8/8/2020 0:00,8/14/2020 0:00,S,N
60414,11,0,Y,1/2/2009 12:02,100,1/2/2009 12:02,100,2020-08-iii,43,50002,8/15/2020 0:00,8/21/2020 0:00,S,N
60415,11,0,Y,1/2/2009 12:02,100,1/2/2009 12:02,100,2020-08-iv,44,50002,8/22/2020 0:00,8/31/2020 0:00,S,N
60416,11,0,Y,1/2/2009 12:02,100,1/2/2009 12:02,100,2020-09-i,45,50002,9/1/2020 0:00,9/7/2020 0:00,S,N
60417,11,0,Y,1/2/2009 12:02,100,1/2/2009 12:02,100,2020-09-ii,46,50002,9/8/2020 0:00,9/14/2020 0:00,S,N
60418,11,0,Y,1/2/2009 12:02,100,1/2/2009 12:02,100,2020-09-iii,47,50002,9/15/2020 0:00,9/21/2020 0:00,S,N
60419,11,0,Y,1/2/2009 12:02,100,1/2/2009 12:02,100,2020-09-iv,48,50002,9/22/2020 0:00,9/30/2020 0:00,S,N
60420,11,0,Y,1/2/2009 12:02,100,1/2/2009 12:02,100,2020-10-i,49,50002,10/1/2020 0:00,10/7/2020 0:00,S,N
60421,11,0,Y,1/2/2009 12:02,100,1/2/2009 12:02,100,2020-10-ii,50,50002,10/8/2020 0:00,10/14/2020 0:00,S,N
60422,11,0,Y,1/2/2009 12:02,100,1/2/2009 12:02,100,2020-10-iii,51,50002,10/15/2020 0:00,10/21/2020 0:00,S,N
60423,11,0,Y,1/2/2009 12:02,100,1/2/2009 12:02,100,2020-10-iv,52,50002,10/22/2020 0:00,10/31/2020 0:00,S,N
60424,11,0,Y,1/2/2009 12:02,100,1/2/2009 12:02,100,2020-11-i,53,50002,11/1/2020 0:00,11/7/2020 0:00,S,N
60425,11,0,Y,1/2/2009 12:02,100,1/2/2009 12:02,100,2020-11-ii,54,50002,11/8/2020 0:00,11/14/2020 0:00,S,N
60426,11,0,Y,1/2/2009 12:02,100,1/2/2009 12:02,100,2020-11-iii,55,50002,11/15/2020 0:00,11/21/2020 0:00,S,N
60427,11,0,Y,1/2/2009 12:02,100,1/2/2009 12:02,100,2020-11-iv,56,50002,11/22/2020 0:00,11/30/2020 0:00,S,N
60428,11,0,Y,1/2/2009 12:02,100,1/2/2009 12:02,100,2020-12-i,57,50002,12/1/2020 0:00,12/7/2020 0:00,S,N
60429,11,0,Y,1/2/2009 12:02,100,1/2/2009 12:02,100,2020-12-ii,58,50002,12/8/2020 0:00,12/14/2020 0:00,S,N
60430,11,0,Y,1/2/2009 12:02,100,1/2/2009 12:02,100,2020-12-iii,59,50002,12/15/2020 0:00,12/21/2020 0:00,S,N
60431,11,0,Y,1/2/2009 12:02,100,1/2/2009 12:02,100,2020-12-iv,60,50002,12/22/2020 0:00,12/31/2020 0:00,S,N
60432,11,0,Y,1/4/2010 11:24,100,1/4/2010 11:24,100,2021-01-i,13,50003,1/1/2021 0:00,1/7/2021 0:00,S,N
60433,11,0,Y,1/4/2010 11:24,100,1/4/2010 11:24,100,2021-01-ii,14,50003,1/8/2021 0:00,1/14/2021 0:00,S,N
60434,11,0,Y,1/4/2010 11:24,100,1/4/2010 11:24,100,2021-01-iii,15,50003,1/15/2021 0:00,1/21/2021 0:00,S,N
60435,11,0,Y,1/4/2010 11:24,100,1/4/2010 11:24,100,2021-01-iv,16,50003,1/22/2021 0:00,1/31/2021 0:00,S,N
60436,11,0,Y,1/4/2010 11:24,100,1/4/2010 11:24,100,2021-02-i,17,50003,2/1/2021 0:00,2/7/2021 0:00,S,N
60437,11,0,Y,1/4/2010 11:24,100,1/4/2010 11:24,100,2021-02-ii,18,50003,2/8/2021 0:00,2/14/2021 0:00,S,N
60438,11,0,Y,1/4/2010 11:24,100,1/4/2010 11:24,100,2021-02-iii,19,50003,2/15/2021 0:00,2/21/2021 0:00,S,N
60439,11,0,Y,1/4/2010 11:24,100,1/4/2010 11:24,100,2021-02-iv,20,50003,2/22/2021 0:00,2/28/2021 0:00,S,N
60440,11,0,Y,1/4/2010 11:24,100,1/4/2010 11:24,100,2021-03-i,21,50003,3/1/2021 0:00,3/7/2021 0:00,S,N
60441,11,0,Y,1/4/2010 11:24,100,1/4/2010 11:24,100,2021-03-ii,22,50003,3/8/2021 0:00,3/14/2021 0:00,S,N
60442,11,0,Y,1/4/2010 11:24,100,1/4/2010 11:24,100,2021-03-iii,23,50003,3/15/2021 0:00,3/21/2021 0:00,S,N
60443,11,0,Y,1/4/2010 11:24,100,1/4/2010 11:24,100,2021-03-iv,24,50003,3/22/2021 0:00,3/31/2021 0:00,S,N
60444,11,0,Y,1/4/2010 11:24,100,1/4/2010 11:24,100,2021-04-i,25,50003,4/1/2021 0:00,4/7/2021 0:00,S,N
60445,11,0,Y,1/4/2010 11:24,100,1/4/2010 11:24,100,2021-04-ii,26,50003,4/8/2021 0:00,4/14/2021 0:00,S,N
60446,11,0,Y,1/4/2010 11:24,100,1/4/2010 11:24,100,2021-04-iii,27,50003,4/15/2021 0:00,4/21/2021 0:00,S,N
60447,11,0,Y,1/4/2010 11:24,100,1/4/2010 11:24,100,2021-04-iv,28,50003,4/22/2021 0:00,4/30/2021 0:00,S,N
60448,11,0,Y,1/4/2010 11:24,100,1/4/2010 11:24,100,2021-05-i,29,50003,5/1/2021 0:00,5/7/2021 0:00,S,N
60449,11,0,Y,1/4/2010 11:24,100,1/4/2010 11:24,100,2021-05-ii,30,50003,5/8/2021 0:00,5/14/2021 0:00,S,N
60450,11,0,Y,1/4/2010 11:24,100,1/4/2010 11:24,100,2021-05-iii,31,50003,5/15/2021 0:00,5/21/2021 0:00,S,N
60451,11,0,Y,1/4/2010 11:24,100,1/4/2010 11:24,100,2021-05-iv,32,50003,5/22/2021 0:00,5/31/2021 0:00,S,N
60452,11,0,Y,1/4/2010 11:24,100,1/4/2010 11:24,100,2021-06-i,33,50003,6/1/2021 0:00,6/7/2021 0:00,S,N
60453,11,0,Y,1/4/2010 11:24,100,1/4/2010 11:24,100,2021-06-ii,34,50003,6/8/2021 0:00,6/14/2021 0:00,S,N
60454,11,0,Y,1/4/2010 11:24,100,1/4/2010 11:24,100,2021-06-iii,35,50003,6/15/2021 0:00,6/21/2021 0:00,S,N
60455,11,0,Y,1/4/2010 11:24,100,1/4/2010 11:24,100,2021-06-iv,36,50003,6/22/2021 0:00,6/30/2021 0:00,S,N
60456,11,0,Y,1/4/2010 11:24,100,1/4/2010 11:24,100,2021-07-i,37,50003,7/1/2021 0:00,7/7/2021 0:00,S,N
60457,11,0,Y,1/4/2010 11:24,100,1/4/2010 11:24,100,2021-07-ii,38,50003,7/8/2021 0:00,7/14/2021 0:00,S,N
60458,11,0,Y,1/4/2010 11:24,100,1/4/2010 11:24,100,2021-07-iii,39,50003,7/15/2021 0:00,7/21/2021 0:00,S,N
60459,11,0,Y,1/4/2010 11:24,100,1/4/2010 11:24,100,2021-07-iv,40,50003,7/22/2021 0:00,7/31/2021 0:00,S,N
60460,11,0,Y,1/4/2010 11:24,100,1/4/2010 11:24,100,2021-08-i,41,50003,8/1/2021 0:00,8/7/2021 0:00,S,N
60461,11,0,Y,1/4/2010 11:24,100,1/4/2010 11:24,100,2021-08-ii,42,50003,8/8/2021 0:00,8/14/2021 0:00,S,N
60462,11,0,Y,1/4/2010 11:24,100,1/4/2010 11:24,100,2021-08-iii,43,50003,8/15/2021 0:00,8/21/2021 0:00,S,N
60463,11,0,Y,1/4/2010 11:24,100,1/4/2010 11:24,100,2021-08-iv,44,50003,8/22/2021 0:00,8/31/2021 0:00,S,N
60464,11,0,Y,1/4/2010 11:24,100,1/4/2010 11:24,100,2021-09-i,45,50003,9/1/2021 0:00,9/7/2021 0:00,S,N
60465,11,0,Y,1/4/2010 11:24,100,1/4/2010 11:24,100,2021-09-ii,46,50003,9/8/2021 0:00,9/14/2021 0:00,S,N
60466,11,0,Y,1/4/2010 11:24,100,1/4/2010 11:24,100,2021-09-iii,47,50003,9/15/2021 0:00,9/21/2021 0:00,S,N
60467,11,0,Y,1/4/2010 11:24,100,1/4/2010 11:24,100,2021-09-iv,48,50003,9/22/2021 0:00,9/30/2021 0:00,S,N
60468,11,0,Y,1/4/2010 11:24,100,1/4/2010 11:24,100,2021-10-i,49,50003,10/1/2021 0:00,10/7/2021 0:00,S,N
60469,11,0,Y,1/4/2010 11:24,100,1/4/2010 11:24,100,2021-10-ii,50,50003,10/8/2021 0:00,10/14/2021 0:00,S,N
60470,11,0,Y,1/4/2010 11:24,100,1/4/2010 11:24,100,2021-10-iii,51,50003,10/15/2021 0:00,10/21/2021 0:00,S,N
60471,11,0,Y,1/4/2010 11:24,100,1/4/2010 11:24,100,2021-10-iv,52,50003,10/22/2021 0:00,10/31/2021 0:00,S,N
60472,11,0,Y,1/4/2010 11:24,100,1/4/2010 11:24,100,2021-11-i,53,50003,11/1/2021 0:00,11/7/2021 0:00,S,N
60473,11,0,Y,1/4/2010 11:24,100,1/4/2010 11:24,100,2021-11-ii,54,50003,11/8/2021 0:00,11/14/2021 0:00,S,N
60474,11,0,Y,1/4/2010 11:24,100,1/4/2010 11:24,100,2021-11-iii,55,50003,11/15/2021 0:00,11/21/2021 0:00,S,N
60475,11,0,Y,1/4/2010 11:24,100,1/4/2010 11:24,100,2021-11-iv,56,50003,11/22/2021 0:00,11/30/2021 0:00,S,N
60476,11,0,Y,1/4/2010 11:24,100,1/4/2010 11:24,100,2021-12-i,57,50003,12/1/2021 0:00,12/7/2021 0:00,S,N
60477,11,0,Y,1/4/2010 11:24,100,1/4/2010 11:24,100,2021-12-ii,58,50003,12/8/2021 0:00,12/14/2021 0:00,S,N
60478,11,0,Y,1/4/2010 11:24,100,1/4/2010 11:24,100,2021-12-iii,59,50003,12/15/2021 0:00,12/21/2021 0:00,S,N
60479,11,0,Y,1/4/2010 11:24,100,1/4/2010 11:24,100,2021-12-iv,60,50003,12/22/2021 0:00,12/31/2021 0:00,S,N
60480,11,0,Y,1/15/2011 19:07,100,1/15/2011 19:07,100,2022-01-i,13,50004,1/1/2022 0:00,1/7/2022 0:00,S,N
60481,11,0,Y,1/15/2011 19:07,100,1/15/2011 19:07,100,2022-01-ii,14,50004,1/8/2022 0:00,1/14/2022 0:00,S,N
60482,11,0,Y,1/15/2011 19:07,100,1/15/2011 19:07,100,2022-01-iii,15,50004,1/15/2022 0:00,1/21/2022 0:00,S,N
60483,11,0,Y,1/15/2011 19:07,100,1/15/2011 19:07,100,2022-01-iv,16,50004,1/22/2022 0:00,1/31/2022 0:00,S,N
60484,11,0,Y,1/15/2011 19:07,100,1/15/2011 19:07,100,2022-02-i,17,50004,2/1/2022 0:00,2/7/2022 0:00,S,N
60485,11,0,Y,1/15/2011 19:07,100,1/15/2011 19:07,100,2022-02-ii,18,50004,2/8/2022 0:00,2/14/2022 0:00,S,N
60486,11,0,Y,1/15/2011 19:07,100,1/15/2011 19:07,100,2022-02-iii,19,50004,2/15/2022 0:00,2/21/2022 0:00,S,N
60487,11,0,Y,1/15/2011 19:07,100,1/15/2011 19:07,100,2022-02-iv,20,50004,2/22/2022 0:00,2/28/2022 0:00,S,N
60488,11,0,Y,1/15/2011 19:07,100,1/15/2011 19:07,100,2022-03-i,21,50004,3/1/2022 0:00,3/7/2022 0:00,S,N
60489,11,0,Y,1/15/2011 19:07,100,1/15/2011 19:07,100,2022-03-ii,22,50004,3/8/2022 0:00,3/14/2022 0:00,S,N
60490,11,0,Y,1/15/2011 19:07,100,1/15/2011 19:07,100,2022-03-iii,23,50004,3/15/2022 0:00,3/21/2022 0:00,S,N
60491,11,0,Y,1/15/2011 19:07,100,1/15/2011 19:07,100,2022-03-iv,24,50004,3/22/2022 0:00,3/31/2022 0:00,S,N
60492,11,0,Y,1/15/2011 19:07,100,1/15/2011 19:07,100,2022-04-i,25,50004,4/1/2022 0:00,4/7/2022 0:00,S,N
60493,11,0,Y,1/15/2011 19:07,100,1/15/2011 19:07,100,2022-04-ii,26,50004,4/8/2022 0:00,4/14/2022 0:00,S,N
60494,11,0,Y,1/15/2011 19:07,100,1/15/2011 19:07,100,2022-04-iii,27,50004,4/15/2022 0:00,4/21/2022 0:00,S,N
60495,11,0,Y,1/15/2011 19:07,100,1/15/2011 19:07,100,2022-04-iv,28,50004,4/22/2022 0:00,4/30/2022 0:00,S,N
60496,11,0,Y,1/15/2011 19:07,100,1/15/2011 19:07,100,2022-05-i,29,50004,5/1/2022 0:00,5/7/2022 0:00,S,N
60497,11,0,Y,1/15/2011 19:07,100,1/15/2011 19:07,100,2022-05-ii,30,50004,5/8/2022 0:00,5/14/2022 0:00,S,N
60498,11,0,Y,1/15/2011 19:07,100,1/15/2011 19:07,100,2022-05-iii,31,50004,5/15/2022 0:00,5/21/2022 0:00,S,N
60499,11,0,Y,1/15/2011 19:07,100,1/15/2011 19:07,100,2022-05-iv,32,50004,5/22/2022 0:00,5/31/2022 0:00,S,N
60500,11,0,Y,1/15/2011 19:07,100,1/15/2011 19:07,100,2022-06-i,33,50004,6/1/2022 0:00,6/7/2022 0:00,S,N
60501,11,0,Y,1/15/2011 19:07,100,1/15/2011 19:07,100,2022-06-ii,34,50004,6/8/2022 0:00,6/14/2022 0:00,S,N
60502,11,0,Y,1/15/2011 19:07,100,1/15/2011 19:07,100,2022-06-iii,35,50004,6/15/2022 0:00,6/21/2022 0:00,S,N
60503,11,0,Y,1/15/2011 19:07,100,1/15/2011 19:07,100,2022-06-iv,36,50004,6/22/2022 0:00,6/30/2022 0:00,S,N
60504,11,0,Y,1/15/2011 19:07,100,1/15/2011 19:07,100,2022-07-i,37,50004,7/1/2022 0:00,7/7/2022 0:00,S,N
60505,11,0,Y,1/15/2011 19:07,100,1/15/2011 19:07,100,2022-07-ii,38,50004,7/8/2022 0:00,7/14/2022 0:00,S,N
60506,11,0,Y,1/15/2011 19:07,100,1/15/2011 19:07,100,2022-07-iii,39,50004,7/15/2022 0:00,7/21/2022 0:00,S,N
60507,11,0,Y,1/15/2011 19:07,100,1/15/2011 19:07,100,2022-07-iv,40,50004,7/22/2022 0:00,7/31/2022 0:00,S,N
60508,11,0,Y,1/15/2011 19:07,100,1/15/2011 19:07,100,2022-08-i,41,50004,8/1/2022 0:00,8/7/2022 0:00,S,N
60509,11,0,Y,1/15/2011 19:07,100,1/15/2011 19:07,100,2022-08-ii,42,50004,8/8/2022 0:00,8/14/2022 0:00,S,N
60510,11,0,Y,1/15/2011 19:07,100,1/15/2011 19:07,100,2022-08-iii,43,50004,8/15/2022 0:00,8/21/2022 0:00,S,N
60511,11,0,Y,1/15/2011 19:07,100,1/15/2011 19:07,100,2022-08-iv,44,50004,8/22/2022 0:00,8/31/2022 0:00,S,N
60512,11,0,Y,1/15/2011 19:07,100,1/15/2011 19:07,100,2022-09-i,45,50004,9/1/2022 0:00,9/7/2022 0:00,S,N
60513,11,0,Y,1/15/2011 19:07,100,1/15/2011 19:07,100,2022-09-ii,46,50004,9/8/2022 0:00,9/14/2022 0:00,S,N
60514,11,0,Y,1/15/2011 19:07,100,1/15/2011 19:07,100,2022-09-iii,47,50004,9/15/2022 0:00,9/21/2022 0:00,S,N
60515,11,0,Y,1/15/2011 19:07,100,1/15/2011 19:07,100,2022-09-iv,48,50004,9/22/2022 0:00,9/30/2022 0:00,S,N
60516,11,0,Y,1/15/2011 19:07,100,1/15/2011 19:07,100,2022-10-i,49,50004,10/1/2022 0:00,10/7/2022 0:00,S,N
60517,11,0,Y,1/15/2011 19:07,100,1/15/2011 19:07,100,2022-10-ii,50,50004,10/8/2022 0:00,10/14/2022 0:00,S,N
60518,11,0,Y,1/15/2011 19:07,100,1/15/2011 19:07,100,2022-10-iii,51,50004,10/15/2022 0:00,10/21/2022 0:00,S,N
60519,11,0,Y,1/15/2011 19:07,100,1/15/2011 19:07,100,2022-10-iv,52,50004,10/22/2022 0:00,10/31/2022 0:00,S,N
60520,11,0,Y,1/15/2011 19:07,100,1/15/2011 19:07,100,2022-11-i,53,50004,11/1/2022 0:00,11/7/2022 0:00,S,N
60521,11,0,Y,1/15/2011 19:07,100,1/15/2011 19:07,100,2022-11-ii,54,50004,11/8/2022 0:00,11/14/2022 0:00,S,N
60522,11,0,Y,1/15/2011 19:07,100,1/15/2011 19:07,100,2022-11-iii,55,50004,11/15/2022 0:00,11/21/2022 0:00,S,N
60523,11,0,Y,1/15/2011 19:07,100,1/15/2011 19:07,100,2022-11-iv,56,50004,11/22/2022 0:00,11/30/2022 0:00,S,N
60524,11,0,Y,1/15/2011 19:07,100,1/15/2011 19:07,100,2022-12-i,57,50004,12/1/2022 0:00,12/7/2022 0:00,S,N
60525,11,0,Y,1/15/2011 19:07,100,1/15/2011 19:07,100,2022-12-ii,58,50004,12/8/2022 0:00,12/14/2022 0:00,S,N
60526,11,0,Y,1/15/2011 19:07,100,1/15/2011 19:07,100,2022-12-iii,59,50004,12/15/2022 0:00,12/21/2022 0:00,S,N
60527,11,0,Y,1/15/2011 19:07,100,1/15/2011 19:07,100,2022-12-iv,60,50004,12/22/2022 0:00,12/31/2022 0:00,S,N
60528,11,0,Y,11/10/2014 0:44,100,11/10/2014 0:44,100,2023-01-i,13,50025,1/1/2023 0:00,1/7/2023 0:00,S,N
60529,11,0,Y,11/10/2014 0:44,100,11/10/2014 0:44,100,2023-01-ii,14,50025,1/8/2023 0:00,1/14/2023 0:00,S,N
60530,11,0,Y,11/10/2014 0:44,100,11/10/2014 0:44,100,2023-01-iii,15,50025,1/15/2023 0:00,1/21/2023 0:00,S,N
60531,11,0,Y,11/10/2014 0:44,100,11/10/2014 0:44,100,2023-01-iv,16,50025,1/22/2023 0:00,1/31/2023 0:00,S,N
60532,11,0,Y,11/10/2014 0:44,100,11/10/2014 0:44,100,2023-02-i,17,50025,2/1/2023 0:00,2/7/2023 0:00,S,N
60533,11,0,Y,11/10/2014 0:44,100,11/10/2014 0:44,100,2023-02-ii,18,50025,2/8/2023 0:00,2/14/2023 0:00,S,N
60534,11,0,Y,11/10/2014 0:44,100,11/10/2014 0:44,100,2023-02-iii,19,50025,2/15/2023 0:00,2/21/2023 0:00,S,N
60535,11,0,Y,11/10/2014 0:44,100,11/10/2014 0:44,100,2023-02-iv,20,50025,2/22/2023 0:00,2/28/2023 0:00,S,N
60536,11,0,Y,11/10/2014 0:44,100,11/10/2014 0:44,100,2023-03-i,21,50025,3/1/2023 0:00,3/7/2023 0:00,S,N
60537,11,0,Y,11/10/2014 0:44,100,11/10/2014 0:44,100,2023-03-ii,22,50025,3/8/2023 0:00,3/14/2023 0:00,S,N
60538,11,0,Y,11/10/2014 0:44,100,11/10/2014 0:44,100,2023-03-iii,23,50025,3/15/2023 0:00,3/21/2023 0:00,S,N
60539,11,0,Y,11/10/2014 0:44,100,11/10/2014 0:44,100,2023-03-iv,24,50025,3/22/2023 0:00,3/31/2023 0:00,S,N
60540,11,0,Y,11/10/2014 0:44,100,11/10/2014 0:44,100,2023-04-i,25,50025,4/1/2023 0:00,4/7/2023 0:00,S,N
60541,11,0,Y,11/10/2014 0:44,100,11/10/2014 0:44,100,2023-04-ii,26,50025,4/8/2023 0:00,4/14/2023 0:00,S,N
60542,11,0,Y,11/10/2014 0:44,100,11/10/2014 0:44,100,2023-04-iii,27,50025,4/15/2023 0:00,4/21/2023 0:00,S,N
60543,11,0,Y,11/10/2014 0:44,100,11/10/2014 0:44,100,2023-04-iv,28,50025,4/22/2023 0:00,4/30/2023 0:00,S,N
60544,11,0,Y,11/10/2014 0:44,100,11/10/2014 0:44,100,2023-05-i,29,50025,5/1/2023 0:00,5/7/2023 0:00,S,N
60545,11,0,Y,11/10/2014 0:44,100,11/10/2014 0:44,100,2023-05-ii,30,50025,5/8/2023 0:00,5/14/2023 0:00,S,N
60546,11,0,Y,11/10/2014 0:44,100,11/10/2014 0:44,100,2023-05-iii,31,50025,5/15/2023 0:00,5/21/2023 0:00,S,N
60547,11,0,Y,11/10/2014 0:44,100,11/10/2014 0:44,100,2023-05-iv,32,50025,5/22/2023 0:00,5/31/2023 0:00,S,N
60548,11,0,Y,11/10/2014 0:44,100,11/10/2014 0:44,100,2023-06-i,33,50025,6/1/2023 0:00,6/7/2023 0:00,S,N
60549,11,0,Y,11/10/2014 0:44,100,11/10/2014 0:44,100,2023-06-ii,34,50025,6/8/2023 0:00,6/14/2023 0:00,S,N
60550,11,0,Y,11/10/2014 0:44,100,11/10/2014 0:44,100,2023-06-iii,35,50025,6/15/2023 0:00,6/21/2023 0:00,S,N
60551,11,0,Y,11/10/2014 0:44,100,11/10/2014 0:44,100,2023-06-iv,36,50025,6/22/2023 0:00,6/30/2023 0:00,S,N
60552,11,0,Y,11/10/2014 0:44,100,11/10/2014 0:44,100,2023-07-i,37,50025,7/1/2023 0:00,7/7/2023 0:00,S,N
60553,11,0,Y,11/10/2014 0:44,100,11/10/2014 0:44,100,2023-07-ii,38,50025,7/8/2023 0:00,7/14/2023 0:00,S,N
60554,11,0,Y,11/10/2014 0:44,100,11/10/2014 0:44,100,2023-07-iii,39,50025,7/15/2023 0:00,7/21/2023 0:00,S,N
60555,11,0,Y,11/10/2014 0:44,100,11/10/2014 0:44,100,2023-07-iv,40,50025,7/22/2023 0:00,7/31/2023 0:00,S,N
60556,11,0,Y,11/10/2014 0:44,100,11/10/2014 0:44,100,2023-08-i,41,50025,8/1/2023 0:00,8/7/2023 0:00,S,N
60557,11,0,Y,11/10/2014 0:44,100,11/10/2014 0:44,100,2023-08-ii,42,50025,8/8/2023 0:00,8/14/2023 0:00,S,N
60558,11,0,Y,11/10/2014 0:44,100,11/10/2014 0:44,100,2023-08-iii,43,50025,8/15/2023 0:00,8/21/2023 0:00,S,N
60559,11,0,Y,11/10/2014 0:44,100,11/10/2014 0:44,100,2023-08-iv,44,50025,8/22/2023 0:00,8/31/2023 0:00,S,N
60560,11,0,Y,11/10/2014 0:44,100,11/10/2014 0:44,100,2023-09-i,45,50025,9/1/2023 0:00,9/7/2023 0:00,S,N
60561,11,0,Y,11/10/2014 0:44,100,11/10/2014 0:44,100,2023-09-ii,46,50025,9/8/2023 0:00,9/14/2023 0:00,S,N
60562,11,0,Y,11/10/2014 0:44,100,11/10/2014 0:44,100,2023-09-iii,47,50025,9/15/2023 0:00,9/21/2023 0:00,S,N
60563,11,0,Y,11/10/2014 0:44,100,11/10/2014 0:44,100,2023-09-iv,48,50025,9/22/2023 0:00,9/30/2023 0:00,S,N
60564,11,0,Y,11/10/2014 0:44,100,11/10/2014 0:44,100,2023-10-i,49,50025,10/1/2023 0:00,10/7/2023 0:00,S,N
60565,11,0,Y,11/10/2014 0:44,100,11/10/2014 0:44,100,2023-10-ii,50,50025,10/8/2023 0:00,10/14/2023 0:00,S,N
60566,11,0,Y,11/10/2014 0:44,100,11/10/2014 0:44,100,2023-10-iii,51,50025,10/15/2023 0:00,10/21/2023 0:00,S,N
60567,11,0,Y,11/10/2014 0:44,100,11/10/2014 0:44,100,2023-10-iv,52,50025,10/22/2023 0:00,10/31/2023 0:00,S,N
60568,11,0,Y,11/10/2014 0:44,100,11/10/2014 0:44,100,2023-11-i,53,50025,11/1/2023 0:00,11/7/2023 0:00,S,N
60569,11,0,Y,11/10/2014 0:44,100,11/10/2014 0:44,100,2023-11-ii,54,50025,11/8/2023 0:00,11/14/2023 0:00,S,N
60570,11,0,Y,11/10/2014 0:44,100,11/10/2014 0:44,100,2023-11-iii,55,50025,11/15/2023 0:00,11/21/2023 0:00,S,N
60571,11,0,Y,11/10/2014 0:44,100,11/10/2014 0:44,100,2023-11-iv,56,50025,11/22/2023 0:00,11/30/2023 0:00,S,N
60572,11,0,Y,11/10/2014 0:44,100,11/10/2014 0:44,100,2023-12-i,57,50025,12/1/2023 0:00,12/7/2023 0:00,S,N
60573,11,0,Y,11/10/2014 0:44,100,11/10/2014 0:44,100,2023-12-ii,58,50025,12/8/2023 0:00,12/14/2023 0:00,S,N
60574,11,0,Y,11/10/2014 0:44,100,11/10/2014 0:44,100,2023-12-iii,59,50025,12/15/2023 0:00,12/21/2023 0:00,S,N
60575,11,0,Y,11/10/2014 0:44,100,11/10/2014 0:44,100,2023-12-iv,60,50025,12/22/2023 0:00,12/31/2023 0:00,S,N
60576,11,0,Y,11/10/2014 0:52,100,11/10/2014 0:52,100,2024-01-i,13,50026,1/1/2024 0:00,1/7/2024 0:00,S,N
60577,11,0,Y,11/10/2014 0:52,100,11/10/2014 0:52,100,2024-01-ii,14,50026,1/8/2024 0:00,1/14/2024 0:00,S,N
60578,11,0,Y,11/10/2014 0:52,100,11/10/2014 0:52,100,2024-01-iii,15,50026,1/15/2024 0:00,1/21/2024 0:00,S,N
60579,11,0,Y,11/10/2014 0:52,100,11/10/2014 0:52,100,2024-01-iv,16,50026,1/22/2024 0:00,1/31/2024 0:00,S,N
60580,11,0,Y,11/10/2014 0:52,100,11/10/2014 0:52,100,2024-02-i,17,50026,2/1/2024 0:00,2/7/2024 0:00,S,N
60581,11,0,Y,11/10/2014 0:52,100,11/10/2014 0:52,100,2024-02-ii,18,50026,2/8/2024 0:00,2/14/2024 0:00,S,N
60582,11,0,Y,11/10/2014 0:52,100,11/10/2014 0:52,100,2024-02-iii,19,50026,2/15/2024 0:00,2/21/2024 0:00,S,N
60583,11,0,Y,11/10/2014 0:52,100,11/10/2014 0:52,100,2024-02-iv,20,50026,2/22/2024 0:00,2/29/2024 0:00,S,N
60584,11,0,Y,11/10/2014 0:52,100,11/10/2014 0:52,100,2024-03-i,21,50026,3/1/2024 0:00,3/7/2024 0:00,S,N
60585,11,0,Y,11/10/2014 0:52,100,11/10/2014 0:52,100,2024-03-ii,22,50026,3/8/2024 0:00,3/14/2024 0:00,S,N
60586,11,0,Y,11/10/2014 0:52,100,11/10/2014 0:52,100,2024-03-iii,23,50026,3/15/2024 0:00,3/21/2024 0:00,S,N
60587,11,0,Y,11/10/2014 0:52,100,11/10/2014 0:52,100,2024-03-iv,24,50026,3/22/2024 0:00,3/31/2024 0:00,S,N
60588,11,0,Y,11/10/2014 0:52,100,11/10/2014 0:52,100,2024-04-i,25,50026,4/1/2024 0:00,4/7/2024 0:00,S,N
60589,11,0,Y,11/10/2014 0:52,100,11/10/2014 0:52,100,2024-04-ii,26,50026,4/8/2024 0:00,4/14/2024 0:00,S,N
60590,11,0,Y,11/10/2014 0:52,100,11/10/2014 0:52,100,2024-04-iii,27,50026,4/15/2024 0:00,4/21/2024 0:00,S,N
60591,11,0,Y,11/10/2014 0:52,100,11/10/2014 0:52,100,2024-04-iv,28,50026,4/22/2024 0:00,4/30/2024 0:00,S,N
60592,11,0,Y,11/10/2014 0:52,100,11/10/2014 0:52,100,2024-05-i,29,50026,5/1/2024 0:00,5/7/2024 0:00,S,N
60593,11,0,Y,11/10/2014 0:52,100,11/10/2014 0:52,100,2024-05-ii,30,50026,5/8/2024 0:00,5/14/2024 0:00,S,N
60594,11,0,Y,11/10/2014 0:52,100,11/10/2014 0:52,100,2024-05-iii,31,50026,5/15/2024 0:00,5/21/2024 0:00,S,N
60595,11,0,Y,11/10/2014 0:52,100,11/10/2014 0:52,100,2024-05-iv,32,50026,5/22/2024 0:00,5/31/2024 0:00,S,N
60596,11,0,Y,11/10/2014 0:52,100,11/10/2014 0:52,100,2024-06-i,33,50026,6/1/2024 0:00,6/7/2024 0:00,S,N
60597,11,0,Y,11/10/2014 0:52,100,11/10/2014 0:52,100,2024-06-ii,34,50026,6/8/2024 0:00,6/14/2024 0:00,S,N
60598,11,0,Y,11/10/2014 0:52,100,11/10/2014 0:52,100,2024-06-iii,35,50026,6/15/2024 0:00,6/21/2024 0:00,S,N
60599,11,0,Y,11/10/2014 0:52,100,11/10/2014 0:52,100,2024-06-iv,36,50026,6/22/2024 0:00,6/30/2024 0:00,S,N
60600,11,0,Y,11/10/2014 0:52,100,11/10/2014 0:52,100,2024-07-i,37,50026,7/1/2024 0:00,7/7/2024 0:00,S,N
60601,11,0,Y,11/10/2014 0:52,100,11/10/2014 0:52,100,2024-07-ii,38,50026,7/8/2024 0:00,7/14/2024 0:00,S,N
60602,11,0,Y,11/10/2014 0:52,100,11/10/2014 0:52,100,2024-07-iii,39,50026,7/15/2024 0:00,7/21/2024 0:00,S,N
60603,11,0,Y,11/10/2014 0:52,100,11/10/2014 0:52,100,2024-07-iv,40,50026,7/22/2024 0:00,7/31/2024 0:00,S,N
60604,11,0,Y,11/10/2014 0:52,100,11/10/2014 0:52,100,2024-08-i,41,50026,8/1/2024 0:00,8/7/2024 0:00,S,N
60605,11,0,Y,11/10/2014 0:52,100,11/10/2014 0:52,100,2024-08-ii,42,50026,8/8/2024 0:00,8/14/2024 0:00,S,N
60606,11,0,Y,11/10/2014 0:52,100,11/10/2014 0:52,100,2024-08-iii,43,50026,8/15/2024 0:00,8/21/2024 0:00,S,N
60607,11,0,Y,11/10/2014 0:52,100,11/10/2014 0:52,100,2024-08-iv,44,50026,8/22/2024 0:00,8/31/2024 0:00,S,N
60608,11,0,Y,11/10/2014 0:52,100,11/10/2014 0:52,100,2024-09-i,45,50026,9/1/2024 0:00,9/7/2024 0:00,S,N
60609,11,0,Y,11/10/2014 0:52,100,11/10/2014 0:52,100,2024-09-ii,46,50026,9/8/2024 0:00,9/14/2024 0:00,S,N
60610,11,0,Y,11/10/2014 0:52,100,11/10/2014 0:52,100,2024-09-iii,47,50026,9/15/2024 0:00,9/21/2024 0:00,S,N
60611,11,0,Y,11/10/2014 0:52,100,11/10/2014 0:52,100,2024-09-iv,48,50026,9/22/2024 0:00,9/30/2024 0:00,S,N
60612,11,0,Y,11/10/2014 0:52,100,11/10/2014 0:52,100,2024-10-i,49,50026,10/1/2024 0:00,10/7/2024 0:00,S,N
60613,11,0,Y,11/10/2014 0:52,100,11/10/2014 0:52,100,2024-10-ii,50,50026,10/8/2024 0:00,10/14/2024 0:00,S,N
60614,11,0,Y,11/10/2014 0:52,100,11/10/2014 0:52,100,2024-10-iii,51,50026,10/15/2024 0:00,10/21/2024 0:00,S,N
60615,11,0,Y,11/10/2014 0:52,100,11/10/2014 0:52,100,2024-10-iv,52,50026,10/22/2024 0:00,10/31/2024 0:00,S,N
60616,11,0,Y,11/10/2014 0:52,100,11/10/2014 0:52,100,2024-11-i,53,50026,11/1/2024 0:00,11/7/2024 0:00,S,N
60617,11,0,Y,11/10/2014 0:52,100,11/10/2014 0:52,100,2024-11-ii,54,50026,11/8/2024 0:00,11/14/2024 0:00,S,N
60618,11,0,Y,11/10/2014 0:52,100,11/10/2014 0:52,100,2024-11-iii,55,50026,11/15/2024 0:00,11/21/2024 0:00,S,N
60619,11,0,Y,11/10/2014 0:52,100,11/10/2014 0:52,100,2024-11-iv,56,50026,11/22/2024 0:00,11/30/2024 0:00,S,N
60620,11,0,Y,11/10/2014 0:52,100,11/10/2014 0:52,100,2024-12-i,57,50026,12/1/2024 0:00,12/7/2024 0:00,S,N
60621,11,0,Y,11/10/2014 0:52,100,11/10/2014 0:52,100,2024-12-ii,58,50026,12/8/2024 0:00,12/14/2024 0:00,S,N
60622,11,0,Y,11/10/2014 0:52,100,11/10/2014 0:52,100,2024-12-iii,59,50026,12/15/2024 0:00,12/21/2024 0:00,S,N
60623,11,0,Y,11/10/2014 0:52,100,11/10/2014 0:52,100,2024-12-iv,60,50026,12/22/2024 0:00,12/31/2024 0:00,S,N
60624,11,0,Y,11/10/2014 1:01,100,11/10/2014 1:01,100,2025-01-i,13,50027,1/1/2025 0:00,1/7/2025 0:00,S,N
60625,11,0,Y,11/10/2014 1:01,100,11/10/2014 1:01,100,2025-01-ii,14,50027,1/8/2025 0:00,1/14/2025 0:00,S,N
60626,11,0,Y,11/10/2014 1:01,100,11/10/2014 1:01,100,2025-01-iii,15,50027,1/15/2025 0:00,1/21/2025 0:00,S,N
60627,11,0,Y,11/10/2014 1:01,100,11/10/2014 1:01,100,2025-01-iv,16,50027,1/22/2025 0:00,1/31/2025 0:00,S,N
60628,11,0,Y,11/10/2014 1:01,100,11/10/2014 1:01,100,2025-02-i,17,50027,2/1/2025 0:00,2/7/2025 0:00,S,N
60629,11,0,Y,11/10/2014 1:01,100,11/10/2014 1:01,100,2025-02-ii,18,50027,2/8/2025 0:00,2/14/2025 0:00,S,N
60630,11,0,Y,11/10/2014 1:01,100,11/10/2014 1:01,100,2025-02-iii,19,50027,2/15/2025 0:00,2/21/2025 0:00,S,N
60631,11,0,Y,11/10/2014 1:01,100,11/10/2014 1:01,100,2025-02-iv,20,50027,2/22/2025 0:00,2/28/2025  12:00:00 AM,S,N
60632,11,0,Y,11/10/2014 1:01,100,11/10/2014 1:01,100,2025-03-i,21,50027,3/1/2025 0:00,3/7/2025 0:00,S,N
60633,11,0,Y,11/10/2014 1:01,100,11/10/2014 1:01,100,2025-03-ii,22,50027,3/8/2025 0:00,3/14/2025 0:00,S,N
60634,11,0,Y,11/10/2014 1:01,100,11/10/2014 1:01,100,2025-03-iii,23,50027,3/15/2025 0:00,3/21/2025 0:00,S,N
60635,11,0,Y,11/10/2014 1:01,100,11/10/2014 1:01,100,2025-03-iv,24,50027,3/22/2025 0:00,3/31/2025 0:00,S,N
60636,11,0,Y,11/10/2014 1:01,100,11/10/2014 1:01,100,2025-04-i,25,50027,4/1/2025 0:00,4/7/2025 0:00,S,N
60637,11,0,Y,11/10/2014 1:01,100,11/10/2014 1:01,100,2025-04-ii,26,50027,4/8/2025 0:00,4/14/2025 0:00,S,N
60638,11,0,Y,11/10/2014 1:01,100,11/10/2014 1:01,100,2025-04-iii,27,50027,4/15/2025 0:00,4/21/2025 0:00,S,N
60639,11,0,Y,11/10/2014 1:01,100,11/10/2014 1:01,100,2025-04-iv,28,50027,4/22/2025 0:00,4/30/2025 0:00,S,N
60640,11,0,Y,11/10/2014 1:01,100,11/10/2014 1:01,100,2025-05-i,29,50027,5/1/2025 0:00,5/7/2025 0:00,S,N
60641,11,0,Y,11/10/2014 1:01,100,11/10/2014 1:01,100,2025-05-ii,30,50027,5/8/2025 0:00,5/14/2025 0:00,S,N
60642,11,0,Y,11/10/2014 1:01,100,11/10/2014 1:01,100,2025-05-iii,31,50027,5/15/2025 0:00,5/21/2025 0:00,S,N
60643,11,0,Y,11/10/2014 1:01,100,11/10/2014 1:01,100,2025-05-iv,32,50027,5/22/2025 0:00,5/31/2025 0:00,S,N
60644,11,0,Y,11/10/2014 1:01,100,11/10/2014 1:01,100,2025-06-i,33,50027,6/1/2025 0:00,6/7/2025 0:00,S,N
60645,11,0,Y,11/10/2014 1:01,100,11/10/2014 1:01,100,2025-06-ii,34,50027,6/8/2025 0:00,6/14/2025 0:00,S,N
60646,11,0,Y,11/10/2014 1:01,100,11/10/2014 1:01,100,2025-06-iii,35,50027,6/15/2025 0:00,6/21/2025 0:00,S,N
60647,11,0,Y,11/10/2014 1:01,100,11/10/2014 1:01,100,2025-06-iv,36,50027,6/22/2025 0:00,6/30/2025 0:00,S,N
60648,11,0,Y,11/10/2014 1:01,100,11/10/2014 1:01,100,2025-07-i,37,50027,7/1/2025 0:00,7/7/2025 0:00,S,N
60649,11,0,Y,11/10/2014 1:01,100,11/10/2014 1:01,100,2025-07-ii,38,50027,7/8/2025 0:00,7/14/2025 0:00,S,N
60650,11,0,Y,11/10/2014 1:01,100,11/10/2014 1:01,100,2025-07-iii,39,50027,7/15/2025 0:00,7/21/2025 0:00,S,N
60651,11,0,Y,11/10/2014 1:01,100,11/10/2014 1:01,100,2025-07-iv,40,50027,7/22/2025 0:00,7/31/2025 0:00,S,N
60652,11,0,Y,11/10/2014 1:01,100,11/10/2014 1:01,100,2025-08-i,41,50027,8/1/2025 0:00,8/7/2025 0:00,S,N
60653,11,0,Y,11/10/2014 1:01,100,11/10/2014 1:01,100,2025-08-ii,42,50027,8/8/2025 0:00,8/14/2025 0:00,S,N
60654,11,0,Y,11/10/2014 1:01,100,11/10/2014 1:01,100,2025-08-iii,43,50027,8/15/2025 0:00,8/21/2025 0:00,S,N
60655,11,0,Y,11/10/2014 1:01,100,11/10/2014 1:01,100,2025-08-iv,44,50027,8/22/2025 0:00,8/31/2025 0:00,S,N
60656,11,0,Y,11/10/2014 1:01,100,11/10/2014 1:01,100,2025-09-i,45,50027,9/1/2025 0:00,9/7/2025 0:00,S,N
60657,11,0,Y,11/10/2014 1:01,100,11/10/2014 1:01,100,2025-09-ii,46,50027,9/8/2025 0:00,9/14/2025 0:00,S,N
60658,11,0,Y,11/10/2014 1:01,100,11/10/2014 1:01,100,2025-09-iii,47,50027,9/15/2025 0:00,9/21/2025 0:00,S,N
60659,11,0,Y,11/10/2014 1:01,100,11/10/2014 1:01,100,2025-09-iv,48,50027,9/22/2025 0:00,9/30/2025 0:00,S,N
60660,11,0,Y,11/10/2014 1:01,100,11/10/2014 1:01,100,2025-10-i,49,50027,10/1/2025 0:00,10/7/2025 0:00,S,N
60661,11,0,Y,11/10/2014 1:01,100,11/10/2014 1:01,100,2025-10-ii,50,50027,10/8/2025 0:00,10/14/2025 0:00,S,N
60662,11,0,Y,11/10/2014 1:01,100,11/10/2014 1:01,100,2025-10-iii,51,50027,10/15/2025 0:00,10/21/2025 0:00,S,N
60663,11,0,Y,11/10/2014 1:01,100,11/10/2014 1:01,100,2025-10-iv,52,50027,10/22/2025 0:00,10/31/2025 0:00,S,N
60664,11,0,Y,11/10/2014 1:01,100,11/10/2014 1:01,100,2025-11-i,53,50027,11/1/2025 0:00,11/7/2025 0:00,S,N
60665,11,0,Y,11/10/2014 1:01,100,11/10/2014 1:01,100,2025-11-ii,54,50027,11/8/2025 0:00,11/14/2025 0:00,S,N
60666,11,0,Y,11/10/2014 1:01,100,11/10/2014 1:01,100,2025-11-iii,55,50027,11/15/2025 0:00,11/21/2025 0:00,S,N
60667,11,0,Y,11/10/2014 1:01,100,11/10/2014 1:01,100,2025-11-iv,56,50027,11/22/2025 0:00,11/30/2025 0:00,S,N
60668,11,0,Y,11/10/2014 1:01,100,11/10/2014 1:01,100,2025-12-i,57,50027,12/1/2025 0:00,12/7/2025 0:00,S,N
60669,11,0,Y,11/10/2014 1:01,100,11/10/2014 1:01,100,2025-12-ii,58,50027,12/8/2025 0:00,12/14/2025 0:00,S,N
60670,11,0,Y,11/10/2014 1:01,100,11/10/2014 1:01,100,2025-12-iii,59,50027,12/15/2025 0:00,12/21/2025 0:00,S,N
60671,11,0,Y,11/10/2014 1:01,100,11/10/2014 1:01,100,2025-12-iv,60,50027,12/22/2025 0:00,12/31/2025 0:00,S,N
